0,"[0, 436[","[0, 485[","[0, 545[","[0, 623[","[0, 727[","[0, 872[","[0, 1090[","[0, 1453[","[0, 2179[",*
155,"[0, 436[","[0, 485[","[0, 545[","[0, 623[","[0, 727[","[0, 872[","[0, 1090[","[0, 1453[","[0, 2179[",*
213,"[0, 436[","[0, 485[","[0, 545[","[0, 623[","[0, 727[","[0, 872[","[0, 1090[","[0, 1453[","[0, 2179[",*
323,"[0, 436[","[0, 485[","[0, 545[","[0, 623[","[0, 727[","[0, 872[","[0, 1090[","[0, 1453[","[0, 2179[",*
419,"[0, 436[","[0, 485[","[0, 545[","[0, 623[","[0, 727[","[0, 872[","[0, 1090[","[0, 1453[","[0, 2179[",*
625,"[435, 872[","[484, 969[","[544, 1090[","[622, 1245[","[0, 727[","[0, 872[","[0, 1090[","[0, 1453[","[0, 2179[",*
653,"[435, 872[","[484, 969[","[544, 1090[","[622, 1245[","[0, 727[","[0, 872[","[0, 1090[","[0, 1453[","[0, 2179[",*
810,"[435, 872[","[484, 969[","[544, 1090[","[622, 1245[","[726, 1453[","[0, 872[","[0, 1090[","[0, 1453[","[0, 2179[",*
880,"[871, 1307[","[484, 969[","[544, 1090[","[622, 1245[","[726, 1453[","[871, 1743[","[0, 1090[","[0, 1453[","[0, 2179[",*
974,"[871, 1307[","[968, 1453[","[544, 1090[","[622, 1245[","[726, 1453[","[871, 1743[","[0, 1090[","[0, 1453[","[0, 2179[",*
1092,"[871, 1307[","[968, 1453[","[1089, 1634[","[622, 1245[","[726, 1453[","[871, 1743[","[1089, 2179[","[0, 1453[","[0, 2179[",*
1138,"[871, 1307[","[968, 1453[","[1089, 1634[","[622, 1245[","[726, 1453[","[871, 1743[","[1089, 2179[","[0, 1453[","[0, 2179[",*
1258,"[871, 1307[","[968, 1453[","[1089, 1634[","[1244, 1867[","[726, 1453[","[871, 1743[","[1089, 2179[","[0, 1453[","[0, 2179[",*
1340,"[1306, 1743[","[968, 1453[","[1089, 1634[","[1244, 1867[","[726, 1453[","[871, 1743[","[1089, 2179[","[0, 1453[","[0, 2179[",*
1380,"[1306, 1743[","[968, 1453[","[1089, 1634[","[1244, 1867[","[726, 1453[","[871, 1743[","[1089, 2179[","[0, 1453[","[0, 2179[",*
1408,"[1306, 1743[","[968, 1453[","[1089, 1634[","[1244, 1867[","[726, 1453[","[871, 1743[","[1089, 2179[","[0, 1453[","[0, 2179[",*
1411,"[1306, 1743[","[968, 1453[","[1089, 1634[","[1244, 1867[","[726, 1453[","[871, 1743[","[1089, 2179[","[0, 1453[","[0, 2179[",*
1421,"[1306, 1743[","[968, 1453[","[1089, 1634[","[1244, 1867[","[726, 1453[","[871, 1743[","[1089, 2179[","[0, 1453[","[0, 2179[",*
1429,"[1306, 1743[","[968, 1453[","[1089, 1634[","[1244, 1867[","[726, 1453[","[871, 1743[","[1089, 2179[","[0, 1453[","[0, 2179[",*
1485,"[1306, 1743[","[1452, 1937[","[1089, 1634[","[1244, 1867[","[1452, 2179[","[871, 1743[","[1089, 2179[","[1452, 2905[","[0, 2179[",*
1504,"[1306, 1743[","[1452, 1937[","[1089, 1634[","[1244, 1867[","[1452, 2179[","[871, 1743[","[1089, 2179[","[1452, 2905[","[0, 2179[",*
1510,"[1306, 1743[","[1452, 1937[","[1089, 1634[","[1244, 1867[","[1452, 2179[","[871, 1743[","[1089, 2179[","[1452, 2905[","[0, 2179[",*
1539,"[1306, 1743[","[1452, 1937[","[1089, 1634[","[1244, 1867[","[1452, 2179[","[871, 1743[","[1089, 2179[","[1452, 2905[","[0, 2179[",*
1564,"[1306, 1743[","[1452, 1937[","[1089, 1634[","[1244, 1867[","[1452, 2179[","[871, 1743[","[1089, 2179[","[1452, 2905[","[0, 2179[",*
1573,"[1306, 1743[","[1452, 1937[","[1089, 1634[","[1244, 1867[","[1452, 2179[","[871, 1743[","[1089, 2179[","[1452, 2905[","[0, 2179[",*
1579,"[1306, 1743[","[1452, 1937[","[1089, 1634[","[1244, 1867[","[1452, 2179[","[871, 1743[","[1089, 2179[","[1452, 2905[","[0, 2179[",*
1590,"[1306, 1743[","[1452, 1937[","[1089, 1634[","[1244, 1867[","[1452, 2179[","[871, 1743[","[1089, 2179[","[1452, 2905[","[0, 2179[",*
1594,"[1306, 1743[","[1452, 1937[","[1089, 1634[","[1244, 1867[","[1452, 2179[","[871, 1743[","[1089, 2179[","[1452, 2905[","[0, 2179[",*
1602,"[1306, 1743[","[1452, 1937[","[1089, 1634[","[1244, 1867[","[1452, 2179[","[871, 1743[","[1089, 2179[","[1452, 2905[","[0, 2179[",*
1617,"[1306, 1743[","[1452, 1937[","[1089, 1634[","[1244, 1867[","[1452, 2179[","[871, 1743[","[1089, 2179[","[1452, 2905[","[0, 2179[",*
1628,"[1306, 1743[","[1452, 1937[","[1089, 1634[","[1244, 1867[","[1452, 2179[","[871, 1743[","[1089, 2179[","[1452, 2905[","[0, 2179[",*
1648,"[1306, 1743[","[1452, 1937[","[1633, 2179[","[1244, 1867[","[1452, 2179[","[871, 1743[","[1089, 2179[","[1452, 2905[","[0, 2179[",*
1651,"[1306, 1743[","[1452, 1937[","[1633, 2179[","[1244, 1867[","[1452, 2179[","[871, 1743[","[1089, 2179[","[1452, 2905[","[0, 2179[",*
1668,"[1306, 1743[","[1452, 1937[","[1633, 2179[","[1244, 1867[","[1452, 2179[","[871, 1743[","[1089, 2179[","[1452, 2905[","[0, 2179[",*
1669,"[1306, 1743[","[1452, 1937[","[1633, 2179[","[1244, 1867[","[1452, 2179[","[871, 1743[","[1089, 2179[","[1452, 2905[","[0, 2179[",*
1672,"[1306, 1743[","[1452, 1937[","[1633, 2179[","[1244, 1867[","[1452, 2179[","[871, 1743[","[1089, 2179[","[1452, 2905[","[0, 2179[",*
1719,"[1306, 1743[","[1452, 1937[","[1633, 2179[","[1244, 1867[","[1452, 2179[","[871, 1743[","[1089, 2179[","[1452, 2905[","[0, 2179[",*
1721,"[1306, 1743[","[1452, 1937[","[1633, 2179[","[1244, 1867[","[1452, 2179[","[871, 1743[","[1089, 2179[","[1452, 2905[","[0, 2179[",*
1726,"[1306, 1743[","[1452, 1937[","[1633, 2179[","[1244, 1867[","[1452, 2179[","[871, 1743[","[1089, 2179[","[1452, 2905[","[0, 2179[",*
1735,"[1306, 1743[","[1452, 1937[","[1633, 2179[","[1244, 1867[","[1452, 2179[","[871, 1743[","[1089, 2179[","[1452, 2905[","[0, 2179[",*
1740,"[1306, 1743[","[1452, 1937[","[1633, 2179[","[1244, 1867[","[1452, 2179[","[871, 1743[","[1089, 2179[","[1452, 2905[","[0, 2179[",*
1741,"[1306, 1743[","[1452, 1937[","[1633, 2179[","[1244, 1867[","[1452, 2179[","[871, 1743[","[1089, 2179[","[1452, 2905[","[0, 2179[",*
1755,"[1742, 2179[","[1452, 1937[","[1633, 2179[","[1244, 1867[","[1452, 2179[","[1742, 2614[","[1089, 2179[","[1452, 2905[","[0, 2179[",*
1762,"[1742, 2179[","[1452, 1937[","[1633, 2179[","[1244, 1867[","[1452, 2179[","[1742, 2614[","[1089, 2179[","[1452, 2905[","[0, 2179[",*
1816,"[1742, 2179[","[1452, 1937[","[1633, 2179[","[1244, 1867[","[1452, 2179[","[1742, 2614[","[1089, 2179[","[1452, 2905[","[0, 2179[",*
1825,"[1742, 2179[","[1452, 1937[","[1633, 2179[","[1244, 1867[","[1452, 2179[","[1742, 2614[","[1089, 2179[","[1452, 2905[","[0, 2179[",*
1844,"[1742, 2179[","[1452, 1937[","[1633, 2179[","[1244, 1867[","[1452, 2179[","[1742, 2614[","[1089, 2179[","[1452, 2905[","[0, 2179[",*
1848,"[1742, 2179[","[1452, 1937[","[1633, 2179[","[1244, 1867[","[1452, 2179[","[1742, 2614[","[1089, 2179[","[1452, 2905[","[0, 2179[",*
1870,"[1742, 2179[","[1452, 1937[","[1633, 2179[","[1866, 2490[","[1452, 2179[","[1742, 2614[","[1089, 2179[","[1452, 2905[","[0, 2179[",*
1876,"[1742, 2179[","[1452, 1937[","[1633, 2179[","[1866, 2490[","[1452, 2179[","[1742, 2614[","[1089, 2179[","[1452, 2905[","[0, 2179[",*
1887,"[1742, 2179[","[1452, 1937[","[1633, 2179[","[1866, 2490[","[1452, 2179[","[1742, 2614[","[1089, 2179[","[1452, 2905[","[0, 2179[",*
1902,"[1742, 2179[","[1452, 1937[","[1633, 2179[","[1866, 2490[","[1452, 2179[","[1742, 2614[","[1089, 2179[","[1452, 2905[","[0, 2179[",*
1911,"[1742, 2179[","[1452, 1937[","[1633, 2179[","[1866, 2490[","[1452, 2179[","[1742, 2614[","[1089, 2179[","[1452, 2905[","[0, 2179[",*
1944,"[1742, 2179[","[1936, 2421[","[1633, 2179[","[1866, 2490[","[1452, 2179[","[1742, 2614[","[1089, 2179[","[1452, 2905[","[0, 2179[",*
1974,"[1742, 2179[","[1936, 2421[","[1633, 2179[","[1866, 2490[","[1452, 2179[","[1742, 2614[","[1089, 2179[","[1452, 2905[","[0, 2179[",*
1977,"[1742, 2179[","[1936, 2421[","[1633, 2179[","[1866, 2490[","[1452, 2179[","[1742, 2614[","[1089, 2179[","[1452, 2905[","[0, 2179[",*
1980,"[1742, 2179[","[1936, 2421[","[1633, 2179[","[1866, 2490[","[1452, 2179[","[1742, 2614[","[1089, 2179[","[1452, 2905[","[0, 2179[",*
2001,"[1742, 2179[","[1936, 2421[","[1633, 2179[","[1866, 2490[","[1452, 2179[","[1742, 2614[","[1089, 2179[","[1452, 2905[","[0, 2179[",*
2002,"[1742, 2179[","[1936, 2421[","[1633, 2179[","[1866, 2490[","[1452, 2179[","[1742, 2614[","[1089, 2179[","[1452, 2905[","[0, 2179[",*
2042,"[1742, 2179[","[1936, 2421[","[1633, 2179[","[1866, 2490[","[1452, 2179[","[1742, 2614[","[1089, 2179[","[1452, 2905[","[0, 2179[",*
2051,"[1742, 2179[","[1936, 2421[","[1633, 2179[","[1866, 2490[","[1452, 2179[","[1742, 2614[","[1089, 2179[","[1452, 2905[","[0, 2179[",*
2057,"[1742, 2179[","[1936, 2421[","[1633, 2179[","[1866, 2490[","[1452, 2179[","[1742, 2614[","[1089, 2179[","[1452, 2905[","[0, 2179[",*
2080,"[1742, 2179[","[1936, 2421[","[1633, 2179[","[1866, 2490[","[1452, 2179[","[1742, 2614[","[1089, 2179[","[1452, 2905[","[0, 2179[",*
2129,"[1742, 2179[","[1936, 2421[","[1633, 2179[","[1866, 2490[","[1452, 2179[","[1742, 2614[","[1089, 2179[","[1452, 2905[","[0, 2179[",*
2149,"[1742, 2179[","[1936, 2421[","[1633, 2179[","[1866, 2490[","[1452, 2179[","[1742, 2614[","[1089, 2179[","[1452, 2905[","[0, 2179[",*
2163,"[1742, 2179[","[1936, 2421[","[1633, 2179[","[1866, 2490[","[1452, 2179[","[1742, 2614[","[1089, 2179[","[1452, 2905[","[0, 2179[",*
2174,"[1742, 2179[","[1936, 2421[","[1633, 2179[","[1866, 2490[","[1452, 2179[","[1742, 2614[","[1089, 2179[","[1452, 2905[","[0, 2179[",*
2179,"[2178, 2614[","[1936, 2421[","[2178, 2723[","[1866, 2490[","[2178, 2905[","[1742, 2614[","[2178, 3268[","[1452, 2905[","[2178, 4357[",*
2201,"[2178, 2614[","[1936, 2421[","[2178, 2723[","[1866, 2490[","[2178, 2905[","[1742, 2614[","[2178, 3268[","[1452, 2905[","[2178, 4357[",*
2205,"[2178, 2614[","[1936, 2421[","[2178, 2723[","[1866, 2490[","[2178, 2905[","[1742, 2614[","[2178, 3268[","[1452, 2905[","[2178, 4357[",*
2206,"[2178, 2614[","[1936, 2421[","[2178, 2723[","[1866, 2490[","[2178, 2905[","[1742, 2614[","[2178, 3268[","[1452, 2905[","[2178, 4357[",*
2231,"[2178, 2614[","[1936, 2421[","[2178, 2723[","[1866, 2490[","[2178, 2905[","[1742, 2614[","[2178, 3268[","[1452, 2905[","[2178, 4357[",*
2238,"[2178, 2614[","[1936, 2421[","[2178, 2723[","[1866, 2490[","[2178, 2905[","[1742, 2614[","[2178, 3268[","[1452, 2905[","[2178, 4357[",*
2246,"[2178, 2614[","[1936, 2421[","[2178, 2723[","[1866, 2490[","[2178, 2905[","[1742, 2614[","[2178, 3268[","[1452, 2905[","[2178, 4357[",*
2258,"[2178, 2614[","[1936, 2421[","[2178, 2723[","[1866, 2490[","[2178, 2905[","[1742, 2614[","[2178, 3268[","[1452, 2905[","[2178, 4357[",*
2267,"[2178, 2614[","[1936, 2421[","[2178, 2723[","[1866, 2490[","[2178, 2905[","[1742, 2614[","[2178, 3268[","[1452, 2905[","[2178, 4357[",*
2282,"[2178, 2614[","[1936, 2421[","[2178, 2723[","[1866, 2490[","[2178, 2905[","[1742, 2614[","[2178, 3268[","[1452, 2905[","[2178, 4357[",*
2339,"[2178, 2614[","[1936, 2421[","[2178, 2723[","[1866, 2490[","[2178, 2905[","[1742, 2614[","[2178, 3268[","[1452, 2905[","[2178, 4357[",*
2352,"[2178, 2614[","[1936, 2421[","[2178, 2723[","[1866, 2490[","[2178, 2905[","[1742, 2614[","[2178, 3268[","[1452, 2905[","[2178, 4357[",*
2377,"[2178, 2614[","[1936, 2421[","[2178, 2723[","[1866, 2490[","[2178, 2905[","[1742, 2614[","[2178, 3268[","[1452, 2905[","[2178, 4357[",*
2392,"[2178, 2614[","[1936, 2421[","[2178, 2723[","[1866, 2490[","[2178, 2905[","[1742, 2614[","[2178, 3268[","[1452, 2905[","[2178, 4357[",*
2415,"[2178, 2614[","[1936, 2421[","[2178, 2723[","[1866, 2490[","[2178, 2905[","[1742, 2614[","[2178, 3268[","[1452, 2905[","[2178, 4357[",*
2444,"[2178, 2614[","[2420, 2905[","[2178, 2723[","[1866, 2490[","[2178, 2905[","[1742, 2614[","[2178, 3268[","[1452, 2905[","[2178, 4357[",*
2457,"[2178, 2614[","[2420, 2905[","[2178, 2723[","[1866, 2490[","[2178, 2905[","[1742, 2614[","[2178, 3268[","[1452, 2905[","[2178, 4357[",*
2465,"[2178, 2614[","[2420, 2905[","[2178, 2723[","[1866, 2490[","[2178, 2905[","[1742, 2614[","[2178, 3268[","[1452, 2905[","[2178, 4357[",*
2467,"[2178, 2614[","[2420, 2905[","[2178, 2723[","[1866, 2490[","[2178, 2905[","[1742, 2614[","[2178, 3268[","[1452, 2905[","[2178, 4357[",*
2472,"[2178, 2614[","[2420, 2905[","[2178, 2723[","[1866, 2490[","[2178, 2905[","[1742, 2614[","[2178, 3268[","[1452, 2905[","[2178, 4357[",*
2489,"[2178, 2614[","[2420, 2905[","[2178, 2723[","[1866, 2490[","[2178, 2905[","[1742, 2614[","[2178, 3268[","[1452, 2905[","[2178, 4357[",*
2547,"[2178, 2614[","[2420, 2905[","[2178, 2723[","[2489, 3112[","[2178, 2905[","[1742, 2614[","[2178, 3268[","[1452, 2905[","[2178, 4357[",*
2559,"[2178, 2614[","[2420, 2905[","[2178, 2723[","[2489, 3112[","[2178, 2905[","[1742, 2614[","[2178, 3268[","[1452, 2905[","[2178, 4357[",*
2603,"[2178, 2614[","[2420, 2905[","[2178, 2723[","[2489, 3112[","[2178, 2905[","[1742, 2614[","[2178, 3268[","[1452, 2905[","[2178, 4357[",*
2754,"[2613, 3050[","[2420, 2905[","[2722, 3268[","[2489, 3112[","[2178, 2905[","[2613, 3485[","[2178, 3268[","[1452, 2905[","[2178, 4357[",*
2824,"[2613, 3050[","[2420, 2905[","[2722, 3268[","[2489, 3112[","[2178, 2905[","[2613, 3485[","[2178, 3268[","[1452, 2905[","[2178, 4357[",*
3004,"[2613, 3050[","[2904, 3389[","[2722, 3268[","[2489, 3112[","[2904, 3631[","[2613, 3485[","[2178, 3268[","[2904, 4357[","[2178, 4357[",*
3175,"[3049, 3485[","[2904, 3389[","[2722, 3268[","[3111, 3734[","[2904, 3631[","[2613, 3485[","[2178, 3268[","[2904, 4357[","[2178, 4357[",*
3683,"[3484, 3921[","[3388, 3873[","[3267, 3812[","[3111, 3734[","[3630, 4357[","[3484, 4357[","[3267, 4357[","[2904, 4357[","[2178, 4357[",*
3770,"[3484, 3921[","[3388, 3873[","[3267, 3812[","[3733, 4357[","[3630, 4357[","[3484, 4357[","[3267, 4357[","[2904, 4357[","[2178, 4357[",*
3900,"[3484, 3921[","[3872, 4357[","[3811, 4357[","[3733, 4357[","[3630, 4357[","[3484, 4357[","[3267, 4357[","[2904, 4357[","[2178, 4357[",*
4356,"[3920, 4357[","[3872, 4357[","[3811, 4357[","[3733, 4357[","[3630, 4357[","[3484, 4357[","[3267, 4357[","[2904, 4357[","[2178, 4357[",*
