0.0,"(-0.001, 0.385]","(-0.001, 0.524]","(-0.001, 1.201]",*
0.0005764967160667434,"(-0.001, 0.385]","(-0.001, 0.524]","(-0.001, 1.201]",*
0.0009141966900024823,"(-0.001, 0.385]","(-0.001, 0.524]","(-0.001, 1.201]",*
0.002436237195328026,"(-0.001, 0.385]","(-0.001, 0.524]","(-0.001, 1.201]",*
0.0025972236521011015,"(-0.001, 0.385]","(-0.001, 0.524]","(-0.001, 1.201]",*
0.0032666717571822046,"(-0.001, 0.385]","(-0.001, 0.524]","(-0.001, 1.201]",*
0.004210352760886063,"(-0.001, 0.385]","(-0.001, 0.524]","(-0.001, 1.201]",*
0.005262880166016504,"(-0.001, 0.385]","(-0.001, 0.524]","(-0.001, 1.201]",*
0.006974197966707674,"(-0.001, 0.385]","(-0.001, 0.524]","(-0.001, 1.201]",*
0.008712520087403197,"(-0.001, 0.385]","(-0.001, 0.524]","(-0.001, 1.201]",*
0.009260897230306986,"(-0.001, 0.385]","(-0.001, 0.524]","(-0.001, 1.201]",*
0.009371200156496715,"(-0.001, 0.385]","(-0.001, 0.524]","(-0.001, 1.201]",*
0.009661052603295639,"(-0.001, 0.385]","(-0.001, 0.524]","(-0.001, 1.201]",*
0.01023284257935698,"(-0.001, 0.385]","(-0.001, 0.524]","(-0.001, 1.201]",*
0.010958190667172005,"(-0.001, 0.385]","(-0.001, 0.524]","(-0.001, 1.201]",*
0.01215934165422125,"(-0.001, 0.385]","(-0.001, 0.524]","(-0.001, 1.201]",*
0.015759572417344186,"(-0.001, 0.385]","(-0.001, 0.524]","(-0.001, 1.201]",*
0.015919464765653923,"(-0.001, 0.385]","(-0.001, 0.524]","(-0.001, 1.201]",*
0.01687864519166493,"(-0.001, 0.385]","(-0.001, 0.524]","(-0.001, 1.201]",*
0.01768121787774546,"(-0.001, 0.385]","(-0.001, 0.524]","(-0.001, 1.201]",*
0.018773979695442783,"(-0.001, 0.385]","(-0.001, 0.524]","(-0.001, 1.201]",*
0.01962937678822758,"(-0.001, 0.385]","(-0.001, 0.524]","(-0.001, 1.201]",*
0.020315331407602066,"(-0.001, 0.385]","(-0.001, 0.524]","(-0.001, 1.201]",*
0.020742936914048993,"(-0.001, 0.385]","(-0.001, 0.524]","(-0.001, 1.201]",*
0.02113089701522453,"(-0.001, 0.385]","(-0.001, 0.524]","(-0.001, 1.201]",*
0.02179713860202559,"(-0.001, 0.385]","(-0.001, 0.524]","(-0.001, 1.201]",*
0.022066589071076538,"(-0.001, 0.385]","(-0.001, 0.524]","(-0.001, 1.201]",*
0.022210296503578555,"(-0.001, 0.385]","(-0.001, 0.524]","(-0.001, 1.201]",*
0.022651225504592504,"(-0.001, 0.385]","(-0.001, 0.524]","(-0.001, 1.201]",*
0.023827345484404506,"(-0.001, 0.385]","(-0.001, 0.524]","(-0.001, 1.201]",*
0.02403023565995866,"(-0.001, 0.385]","(-0.001, 0.524]","(-0.001, 1.201]",*
0.024288638210558045,"(-0.001, 0.385]","(-0.001, 0.524]","(-0.001, 1.201]",*
0.024349964348891424,"(-0.001, 0.385]","(-0.001, 0.524]","(-0.001, 1.201]",*
0.025294057527118607,"(-0.001, 0.385]","(-0.001, 0.524]","(-0.001, 1.201]",*
0.02844901902799645,"(-0.001, 0.385]","(-0.001, 0.524]","(-0.001, 1.201]",*
0.02931114764675069,"(-0.001, 0.385]","(-0.001, 0.524]","(-0.001, 1.201]",*
0.029905051034604915,"(-0.001, 0.385]","(-0.001, 0.524]","(-0.001, 1.201]",*
0.030569864646598097,"(-0.001, 0.385]","(-0.001, 0.524]","(-0.001, 1.201]",*
0.03197763306049056,"(-0.001, 0.385]","(-0.001, 0.524]","(-0.001, 1.201]",*
0.03324191448353849,"(-0.001, 0.385]","(-0.001, 0.524]","(-0.001, 1.201]",*
0.03486220654280156,"(-0.001, 0.385]","(-0.001, 0.524]","(-0.001, 1.201]",*
0.03492950866967304,"(-0.001, 0.385]","(-0.001, 0.524]","(-0.001, 1.201]",*
0.03531597623147417,"(-0.001, 0.385]","(-0.001, 0.524]","(-0.001, 1.201]",*
0.035824602406207474,"(-0.001, 0.385]","(-0.001, 0.524]","(-0.001, 1.201]",*
0.038478223493316366,"(-0.001, 0.385]","(-0.001, 0.524]","(-0.001, 1.201]",*
0.038890389349775685,"(-0.001, 0.385]","(-0.001, 0.524]","(-0.001, 1.201]",*
0.03925875357645516,"(-0.001, 0.385]","(-0.001, 0.524]","(-0.001, 1.201]",*
0.03930440343472813,"(-0.001, 0.385]","(-0.001, 0.524]","(-0.001, 1.201]",*
0.03996751678573132,"(-0.001, 0.385]","(-0.001, 0.524]","(-0.001, 1.201]",*
0.04087299626052954,"(-0.001, 0.385]","(-0.001, 0.524]","(-0.001, 1.201]",*
0.0415768954926621,"(-0.001, 0.385]","(-0.001, 0.524]","(-0.001, 1.201]",*
0.041720707512049815,"(-0.001, 0.385]","(-0.001, 0.524]","(-0.001, 1.201]",*
0.04289419957627616,"(-0.001, 0.385]","(-0.001, 0.524]","(-0.001, 1.201]",*
0.04767612789524328,"(-0.001, 0.385]","(-0.001, 0.524]","(-0.001, 1.201]",*
0.04926209845498025,"(-0.001, 0.385]","(-0.001, 0.524]","(-0.001, 1.201]",*
0.05006640157326196,"(-0.001, 0.385]","(-0.001, 0.524]","(-0.001, 1.201]",*
0.05121644054511143,"(-0.001, 0.385]","(-0.001, 0.524]","(-0.001, 1.201]",*
0.051604994329879916,"(-0.001, 0.385]","(-0.001, 0.524]","(-0.001, 1.201]",*
0.051867796967031865,"(-0.001, 0.385]","(-0.001, 0.524]","(-0.001, 1.201]",*
0.052863621923370324,"(-0.001, 0.385]","(-0.001, 0.524]","(-0.001, 1.201]",*
0.05433798833925363,"(-0.001, 0.385]","(-0.001, 0.524]","(-0.001, 1.201]",*
0.05763257644082173,"(-0.001, 0.385]","(-0.001, 0.524]","(-0.001, 1.201]",*
0.05909461273707568,"(-0.001, 0.385]","(-0.001, 0.524]","(-0.001, 1.201]",*
0.05994035336505918,"(-0.001, 0.385]","(-0.001, 0.524]","(-0.001, 1.201]",*
0.0601707616790347,"(-0.001, 0.385]","(-0.001, 0.524]","(-0.001, 1.201]",*
0.060542291418951136,"(-0.001, 0.385]","(-0.001, 0.524]","(-0.001, 1.201]",*
0.060562596195103346,"(-0.001, 0.385]","(-0.001, 0.524]","(-0.001, 1.201]",*
0.06113972929319619,"(-0.001, 0.385]","(-0.001, 0.524]","(-0.001, 1.201]",*
0.06281223296185103,"(-0.001, 0.385]","(-0.001, 0.524]","(-0.001, 1.201]",*
0.06340239396471126,"(-0.001, 0.385]","(-0.001, 0.524]","(-0.001, 1.201]",*
0.06456182687896808,"(-0.001, 0.385]","(-0.001, 0.524]","(-0.001, 1.201]",*
0.06550792306104776,"(-0.001, 0.385]","(-0.001, 0.524]","(-0.001, 1.201]",*
0.06742630544380769,"(-0.001, 0.385]","(-0.001, 0.524]","(-0.001, 1.201]",*
0.0681487311241468,"(-0.001, 0.385]","(-0.001, 0.524]","(-0.001, 1.201]",*
0.06994303732999577,"(-0.001, 0.385]","(-0.001, 0.524]","(-0.001, 1.201]",*
0.07009440137204467,"(-0.001, 0.385]","(-0.001, 0.524]","(-0.001, 1.201]",*
0.07201203380382226,"(-0.001, 0.385]","(-0.001, 0.524]","(-0.001, 1.201]",*
0.07263779315104342,"(-0.001, 0.385]","(-0.001, 0.524]","(-0.001, 1.201]",*
0.07302994123068085,"(-0.001, 0.385]","(-0.001, 0.524]","(-0.001, 1.201]",*
0.07330221236160686,"(-0.001, 0.385]","(-0.001, 0.524]","(-0.001, 1.201]",*
0.07350694744440062,"(-0.001, 0.385]","(-0.001, 0.524]","(-0.001, 1.201]",*
0.07392058789232614,"(-0.001, 0.385]","(-0.001, 0.524]","(-0.001, 1.201]",*
0.07403618517399368,"(-0.001, 0.385]","(-0.001, 0.524]","(-0.001, 1.201]",*
0.07415032715636999,"(-0.001, 0.385]","(-0.001, 0.524]","(-0.001, 1.201]",*
0.0741720678983697,"(-0.001, 0.385]","(-0.001, 0.524]","(-0.001, 1.201]",*
0.07436234534337524,"(-0.001, 0.385]","(-0.001, 0.524]","(-0.001, 1.201]",*
0.07545215388534078,"(-0.001, 0.385]","(-0.001, 0.524]","(-0.001, 1.201]",*
0.07557005436630417,"(-0.001, 0.385]","(-0.001, 0.524]","(-0.001, 1.201]",*
0.0759958853388828,"(-0.001, 0.385]","(-0.001, 0.524]","(-0.001, 1.201]",*
0.07745288563749538,"(-0.001, 0.385]","(-0.001, 0.524]","(-0.001, 1.201]",*
0.07804172040023087,"(-0.001, 0.385]","(-0.001, 0.524]","(-0.001, 1.201]",*
0.07813148477026655,"(-0.001, 0.385]","(-0.001, 0.524]","(-0.001, 1.201]",*
0.07922494633625633,"(-0.001, 0.385]","(-0.001, 0.524]","(-0.001, 1.201]",*
0.07993503357146264,"(-0.001, 0.385]","(-0.001, 0.524]","(-0.001, 1.201]",*
0.08,"(-0.001, 0.385]","(-0.001, 0.524]","(-0.001, 1.201]",*
0.08110138998799676,"(-0.001, 0.385]","(-0.001, 0.524]","(-0.001, 1.201]",*
0.081666793929555,"(-0.001, 0.385]","(-0.001, 0.524]","(-0.001, 1.201]",*
0.08384104591495989,"(-0.001, 0.385]","(-0.001, 0.524]","(-0.001, 1.201]",*
0.0843349133119955,"(-0.001, 0.385]","(-0.001, 0.524]","(-0.001, 1.201]",*
0.08529556585870057,"(-0.001, 0.385]","(-0.001, 0.524]","(-0.001, 1.201]",*
0.08590137578702467,"(-0.001, 0.385]","(-0.001, 0.524]","(-0.001, 1.201]",*
0.09115628158726163,"(-0.001, 0.385]","(-0.001, 0.524]","(-0.001, 1.201]",*
0.09222080653631437,"(-0.001, 0.385]","(-0.001, 0.524]","(-0.001, 1.201]",*
0.09226017040693324,"(-0.001, 0.385]","(-0.001, 0.524]","(-0.001, 1.201]",*
0.09271368533118425,"(-0.001, 0.385]","(-0.001, 0.524]","(-0.001, 1.201]",*
0.09286498713708113,"(-0.001, 0.385]","(-0.001, 0.524]","(-0.001, 1.201]",*
0.09553082702061905,"(-0.001, 0.385]","(-0.001, 0.524]","(-0.001, 1.201]",*
0.09628026025406655,"(-0.001, 0.385]","(-0.001, 0.524]","(-0.001, 1.201]",*
0.09671696136720698,"(-0.001, 0.385]","(-0.001, 0.524]","(-0.001, 1.201]",*
0.09784448449403405,"(-0.001, 0.385]","(-0.001, 0.524]","(-0.001, 1.201]",*
0.09838113498285608,"(-0.001, 0.385]","(-0.001, 0.524]","(-0.001, 1.201]",*
0.10210579200588521,"(-0.001, 0.385]","(-0.001, 0.524]","(-0.001, 1.201]",*
0.1026508722181263,"(-0.001, 0.385]","(-0.001, 0.524]","(-0.001, 1.201]",*
0.10292989539685649,"(-0.001, 0.385]","(-0.001, 0.524]","(-0.001, 1.201]",*
0.10549475774692942,"(-0.001, 0.385]","(-0.001, 0.524]","(-0.001, 1.201]",*
0.10563028623398174,"(-0.001, 0.385]","(-0.001, 0.524]","(-0.001, 1.201]",*
0.10795034191867114,"(-0.001, 0.385]","(-0.001, 0.524]","(-0.001, 1.201]",*
0.10817601743935634,"(-0.001, 0.385]","(-0.001, 0.524]","(-0.001, 1.201]",*
0.10853591721548994,"(-0.001, 0.385]","(-0.001, 0.524]","(-0.001, 1.201]",*
0.10863581950753293,"(-0.001, 0.385]","(-0.001, 0.524]","(-0.001, 1.201]",*
0.11208622849349531,"(-0.001, 0.385]","(-0.001, 0.524]","(-0.001, 1.201]",*
0.11239011126669446,"(-0.001, 0.385]","(-0.001, 0.524]","(-0.001, 1.201]",*
0.11302725875835642,"(-0.001, 0.385]","(-0.001, 0.524]","(-0.001, 1.201]",*
0.11318136226240942,"(-0.001, 0.385]","(-0.001, 0.524]","(-0.001, 1.201]",*
0.11611707108547137,"(-0.001, 0.385]","(-0.001, 0.524]","(-0.001, 1.201]",*
0.11629537534317821,"(-0.001, 0.385]","(-0.001, 0.524]","(-0.001, 1.201]",*
0.11913610949437392,"(-0.001, 0.385]","(-0.001, 0.524]","(-0.001, 1.201]",*
0.12001013668985477,"(-0.001, 0.385]","(-0.001, 0.524]","(-0.001, 1.201]",*
0.1234947546834092,"(-0.001, 0.385]","(-0.001, 0.524]","(-0.001, 1.201]",*
0.12697082129751291,"(-0.001, 0.385]","(-0.001, 0.524]","(-0.001, 1.201]",*
0.12734934455260472,"(-0.001, 0.385]","(-0.001, 0.524]","(-0.001, 1.201]",*
0.13105907461983912,"(-0.001, 0.385]","(-0.001, 0.524]","(-0.001, 1.201]",*
0.1316948315135724,"(-0.001, 0.385]","(-0.001, 0.524]","(-0.001, 1.201]",*
0.13383690376234225,"(-0.001, 0.385]","(-0.001, 0.524]","(-0.001, 1.201]",*
0.13469580245914678,"(-0.001, 0.385]","(-0.001, 0.524]","(-0.001, 1.201]",*
0.13684391145265928,"(-0.001, 0.385]","(-0.001, 0.524]","(-0.001, 1.201]",*
0.13769022264971698,"(-0.001, 0.385]","(-0.001, 0.524]","(-0.001, 1.201]",*
0.14202675977147516,"(-0.001, 0.385]","(-0.001, 0.524]","(-0.001, 1.201]",*
0.14395296923752035,"(-0.001, 0.385]","(-0.001, 0.524]","(-0.001, 1.201]",*
0.14399550218164026,"(-0.001, 0.385]","(-0.001, 0.524]","(-0.001, 1.201]",*
0.14464710286415325,"(-0.001, 0.385]","(-0.001, 0.524]","(-0.001, 1.201]",*
0.14572592498999848,"(-0.001, 0.385]","(-0.001, 0.524]","(-0.001, 1.201]",*
0.1461652100116564,"(-0.001, 0.385]","(-0.001, 0.524]","(-0.001, 1.201]",*
0.14701389488880123,"(-0.001, 0.385]","(-0.001, 0.524]","(-0.001, 1.201]",*
0.147762870803253,"(-0.001, 0.385]","(-0.001, 0.524]","(-0.001, 1.201]",*
0.15270639411200126,"(-0.001, 0.385]","(-0.001, 0.524]","(-0.001, 1.201]",*
0.15340504977259806,"(-0.001, 0.385]","(-0.001, 0.524]","(-0.001, 1.201]",*
0.16,"(-0.001, 0.385]","(-0.001, 0.524]","(-0.001, 1.201]",*
0.16030361325071635,"(-0.001, 0.385]","(-0.001, 0.524]","(-0.001, 1.201]",*
0.16045469218629305,"(-0.001, 0.385]","(-0.001, 0.524]","(-0.001, 1.201]",*
0.16053882248525642,"(-0.001, 0.385]","(-0.001, 0.524]","(-0.001, 1.201]",*
0.16102464965094448,"(-0.001, 0.385]","(-0.001, 0.524]","(-0.001, 1.201]",*
0.16156610932867121,"(-0.001, 0.385]","(-0.001, 0.524]","(-0.001, 1.201]",*
0.16257632703565394,"(-0.001, 0.385]","(-0.001, 0.524]","(-0.001, 1.201]",*
0.16472435864725415,"(-0.001, 0.385]","(-0.001, 0.524]","(-0.001, 1.201]",*
0.16895154476380958,"(-0.001, 0.385]","(-0.001, 0.524]","(-0.001, 1.201]",*
0.16949255838988914,"(-0.001, 0.385]","(-0.001, 0.524]","(-0.001, 1.201]",*
0.16967119362745067,"(-0.001, 0.385]","(-0.001, 0.524]","(-0.001, 1.201]",*
0.16975068965662563,"(-0.001, 0.385]","(-0.001, 0.524]","(-0.001, 1.201]",*
0.16998006888852552,"(-0.001, 0.385]","(-0.001, 0.524]","(-0.001, 1.201]",*
0.17,"(-0.001, 0.385]","(-0.001, 0.524]","(-0.001, 1.201]",*
0.1705442292997209,"(-0.001, 0.385]","(-0.001, 0.524]","(-0.001, 1.201]",*
0.17056097097999243,"(-0.001, 0.385]","(-0.001, 0.524]","(-0.001, 1.201]",*
0.1732081532175166,"(-0.001, 0.385]","(-0.001, 0.524]","(-0.001, 1.201]",*
0.17361675896610979,"(-0.001, 0.385]","(-0.001, 0.524]","(-0.001, 1.201]",*
0.1771043605395536,"(-0.001, 0.385]","(-0.001, 0.524]","(-0.001, 1.201]",*
0.17868964593991388,"(-0.001, 0.385]","(-0.001, 0.524]","(-0.001, 1.201]",*
0.18121600962289386,"(-0.001, 0.385]","(-0.001, 0.524]","(-0.001, 1.201]",*
0.18560994747703133,"(-0.001, 0.385]","(-0.001, 0.524]","(-0.001, 1.201]",*
0.18658903291330797,"(-0.001, 0.385]","(-0.001, 0.524]","(-0.001, 1.201]",*
0.1866453753916274,"(-0.001, 0.385]","(-0.001, 0.524]","(-0.001, 1.201]",*
0.18713089175084474,"(-0.001, 0.385]","(-0.001, 0.524]","(-0.001, 1.201]",*
0.18729245928818117,"(-0.001, 0.385]","(-0.001, 0.524]","(-0.001, 1.201]",*
0.18916075462195592,"(-0.001, 0.385]","(-0.001, 0.524]","(-0.001, 1.201]",*
0.19137508923299862,"(-0.001, 0.385]","(-0.001, 0.524]","(-0.001, 1.201]",*
0.19143983756472682,"(-0.001, 0.385]","(-0.001, 0.524]","(-0.001, 1.201]",*
0.19241973114121258,"(-0.001, 0.385]","(-0.001, 0.524]","(-0.001, 1.201]",*
0.19633783827354717,"(-0.001, 0.385]","(-0.001, 0.524]","(-0.001, 1.201]",*
0.19676226996571217,"(-0.001, 0.385]","(-0.001, 0.524]","(-0.001, 1.201]",*
0.19911053110804594,"(-0.001, 0.385]","(-0.001, 0.524]","(-0.001, 1.201]",*
0.199512660851551,"(-0.001, 0.385]","(-0.001, 0.524]","(-0.001, 1.201]",*
0.20876028297831067,"(-0.001, 0.385]","(-0.001, 0.524]","(-0.001, 1.201]",*
0.2099889549536934,"(-0.001, 0.385]","(-0.001, 0.524]","(-0.001, 1.201]",*
0.21003322948482356,"(-0.001, 0.385]","(-0.001, 0.524]","(-0.001, 1.201]",*
0.21078110528686256,"(-0.001, 0.385]","(-0.001, 0.524]","(-0.001, 1.201]",*
0.2131529401616194,"(-0.001, 0.385]","(-0.001, 0.524]","(-0.001, 1.201]",*
0.21509462354637543,"(-0.001, 0.385]","(-0.001, 0.524]","(-0.001, 1.201]",*
0.21523890534421375,"(-0.001, 0.385]","(-0.001, 0.524]","(-0.001, 1.201]",*
0.21635203487871268,"(-0.001, 0.385]","(-0.001, 0.524]","(-0.001, 1.201]",*
0.21745049270557182,"(-0.001, 0.385]","(-0.001, 0.524]","(-0.001, 1.201]",*
0.22126268518378278,"(-0.001, 0.385]","(-0.001, 0.524]","(-0.001, 1.201]",*
0.2213344149023964,"(-0.001, 0.385]","(-0.001, 0.524]","(-0.001, 1.201]",*
0.22504860255553183,"(-0.001, 0.385]","(-0.001, 0.524]","(-0.001, 1.201]",*
0.22535630296884168,"(-0.001, 0.385]","(-0.001, 0.524]","(-0.001, 1.201]",*
0.22738633605719394,"(-0.001, 0.385]","(-0.001, 0.524]","(-0.001, 1.201]",*
0.22774238338840536,"(-0.001, 0.385]","(-0.001, 0.524]","(-0.001, 1.201]",*
0.2280513779586424,"(-0.001, 0.385]","(-0.001, 0.524]","(-0.001, 1.201]",*
0.22842549570839796,"(-0.001, 0.385]","(-0.001, 0.524]","(-0.001, 1.201]",*
0.22861172667692853,"(-0.001, 0.385]","(-0.001, 0.524]","(-0.001, 1.201]",*
0.22921932308657944,"(-0.001, 0.385]","(-0.001, 0.524]","(-0.001, 1.201]",*
0.2297246525030008,"(-0.001, 0.385]","(-0.001, 0.524]","(-0.001, 1.201]",*
0.23038820129312365,"(-0.001, 0.385]","(-0.001, 0.524]","(-0.001, 1.201]",*
0.23148873931211017,"(-0.001, 0.385]","(-0.001, 0.524]","(-0.001, 1.201]",*
0.23384691149557693,"(-0.001, 0.385]","(-0.001, 0.524]","(-0.001, 1.201]",*
0.23895561704712165,"(-0.001, 0.385]","(-0.001, 0.524]","(-0.001, 1.201]",*
0.23923097540661428,"(-0.001, 0.385]","(-0.001, 0.524]","(-0.001, 1.201]",*
0.23948169689793536,"(-0.001, 0.385]","(-0.001, 0.524]","(-0.001, 1.201]",*
0.24255917077402514,"(-0.001, 0.385]","(-0.001, 0.524]","(-0.001, 1.201]",*
0.24420502997019494,"(-0.001, 0.385]","(-0.001, 0.524]","(-0.001, 1.201]",*
0.24584227571055456,"(-0.001, 0.385]","(-0.001, 0.524]","(-0.001, 1.201]",*
0.25,"(-0.001, 0.385]","(-0.001, 0.524]","(-0.001, 1.201]",*
0.250096874513765,"(-0.001, 0.385]","(-0.001, 0.524]","(-0.001, 1.201]",*
0.25062272019388543,"(-0.001, 0.385]","(-0.001, 0.524]","(-0.001, 1.201]",*
0.2541074073978685,"(-0.001, 0.385]","(-0.001, 0.524]","(-0.001, 1.201]",*
0.2550084261591251,"(-0.001, 0.385]","(-0.001, 0.524]","(-0.001, 1.201]",*
0.2577595586849316,"(-0.001, 0.385]","(-0.001, 0.524]","(-0.001, 1.201]",*
0.259417574415763,"(-0.001, 0.385]","(-0.001, 0.524]","(-0.001, 1.201]",*
0.2596897282516756,"(-0.001, 0.385]","(-0.001, 0.524]","(-0.001, 1.201]",*
0.2617734192694957,"(-0.001, 0.385]","(-0.001, 0.524]","(-0.001, 1.201]",*
0.262355279045692,"(-0.001, 0.385]","(-0.001, 0.524]","(-0.001, 1.201]",*
0.26314416984250627,"(-0.001, 0.385]","(-0.001, 0.524]","(-0.001, 1.201]",*
0.2633896630271448,"(-0.001, 0.385]","(-0.001, 0.524]","(-0.001, 1.201]",*
0.2664134336706679,"(-0.001, 0.385]","(-0.001, 0.524]","(-0.001, 1.201]",*
0.2684765012060101,"(-0.001, 0.385]","(-0.001, 0.524]","(-0.001, 1.201]",*
0.27064265010301863,"(-0.001, 0.385]","(-0.001, 0.524]","(-0.001, 1.201]",*
0.2743149817657935,"(-0.001, 0.385]","(-0.001, 0.524]","(-0.001, 1.201]",*
0.27571583967335955,"(-0.001, 0.385]","(-0.001, 0.524]","(-0.001, 1.201]",*
0.27583236338845674,"(-0.001, 0.385]","(-0.001, 0.524]","(-0.001, 1.201]",*
0.27712121754222013,"(-0.001, 0.385]","(-0.001, 0.524]","(-0.001, 1.201]",*
0.27868439566195846,"(-0.001, 0.385]","(-0.001, 0.524]","(-0.001, 1.201]",*
0.27928500048905225,"(-0.001, 0.385]","(-0.001, 0.524]","(-0.001, 1.201]",*
0.2832123981049375,"(-0.001, 0.385]","(-0.001, 0.524]","(-0.001, 1.201]",*
0.28455036930729666,"(-0.001, 0.385]","(-0.001, 0.524]","(-0.001, 1.201]",*
0.284583497727569,"(-0.001, 0.385]","(-0.001, 0.524]","(-0.001, 1.201]",*
0.28765726562424687,"(-0.001, 0.385]","(-0.001, 0.524]","(-0.001, 1.201]",*
0.28842357625194914,"(-0.001, 0.385]","(-0.001, 0.524]","(-0.001, 1.201]",*
0.28996231510469467,"(-0.001, 0.385]","(-0.001, 0.524]","(-0.001, 1.201]",*
0.2915130080107756,"(-0.001, 0.385]","(-0.001, 0.524]","(-0.001, 1.201]",*
0.29174047562265226,"(-0.001, 0.385]","(-0.001, 0.524]","(-0.001, 1.201]",*
0.29320508309316334,"(-0.001, 0.385]","(-0.001, 0.524]","(-0.001, 1.201]",*
0.2932824079298396,"(-0.001, 0.385]","(-0.001, 0.524]","(-0.001, 1.201]",*
0.29354812729733604,"(-0.001, 0.385]","(-0.001, 0.524]","(-0.001, 1.201]",*
0.29415855677680286,"(-0.001, 0.385]","(-0.001, 0.524]","(-0.001, 1.201]",*
0.2942579576898588,"(-0.001, 0.385]","(-0.001, 0.524]","(-0.001, 1.201]",*
0.2945918373275793,"(-0.001, 0.385]","(-0.001, 0.524]","(-0.001, 1.201]",*
0.2947539309527715,"(-0.001, 0.385]","(-0.001, 0.524]","(-0.001, 1.201]",*
0.2949009193899087,"(-0.001, 0.385]","(-0.001, 0.524]","(-0.001, 1.201]",*
0.2949549881772855,"(-0.001, 0.385]","(-0.001, 0.524]","(-0.001, 1.201]",*
0.2954340100919125,"(-0.001, 0.385]","(-0.001, 0.524]","(-0.001, 1.201]",*
0.29549208266184246,"(-0.001, 0.385]","(-0.001, 0.524]","(-0.001, 1.201]",*
0.2975628963172767,"(-0.001, 0.385]","(-0.001, 0.524]","(-0.001, 1.201]",*
0.2978418185550563,"(-0.001, 0.385]","(-0.001, 0.524]","(-0.001, 1.201]",*
0.298922242247017,"(-0.001, 0.385]","(-0.001, 0.524]","(-0.001, 1.201]",*
0.3016486517688174,"(-0.001, 0.385]","(-0.001, 0.524]","(-0.001, 1.201]",*
0.30183087592751656,"(-0.001, 0.385]","(-0.001, 0.524]","(-0.001, 1.201]",*
0.3045820306759077,"(-0.001, 0.385]","(-0.001, 0.524]","(-0.001, 1.201]",*
0.30769864930641816,"(-0.001, 0.385]","(-0.001, 0.524]","(-0.001, 1.201]",*
0.3097516145086411,"(-0.001, 0.385]","(-0.001, 0.524]","(-0.001, 1.201]",*
0.31073920074988176,"(-0.001, 0.385]","(-0.001, 0.524]","(-0.001, 1.201]",*
0.31104252297495094,"(-0.001, 0.385]","(-0.001, 0.524]","(-0.001, 1.201]",*
0.3136772723378003,"(-0.001, 0.385]","(-0.001, 0.524]","(-0.001, 1.201]",*
0.31403489435367804,"(-0.001, 0.385]","(-0.001, 0.524]","(-0.001, 1.201]",*
0.3149996844834421,"(-0.001, 0.385]","(-0.001, 0.524]","(-0.001, 1.201]",*
0.32103735756456553,"(-0.001, 0.385]","(-0.001, 0.524]","(-0.001, 1.201]",*
0.33,"(-0.001, 0.385]","(-0.001, 0.524]","(-0.001, 1.201]",*
0.3302694112426282,"(-0.001, 0.385]","(-0.001, 0.524]","(-0.001, 1.201]",*
0.3302980902752407,"(-0.001, 0.385]","(-0.001, 0.524]","(-0.001, 1.201]",*
0.33194266796625527,"(-0.001, 0.385]","(-0.001, 0.524]","(-0.001, 1.201]",*
0.3352588833872723,"(-0.001, 0.385]","(-0.001, 0.524]","(-0.001, 1.201]",*
0.3360116140784335,"(-0.001, 0.385]","(-0.001, 0.524]","(-0.001, 1.201]",*
0.3364136262584114,"(-0.001, 0.385]","(-0.001, 0.524]","(-0.001, 1.201]",*
0.3373448474205018,"(-0.001, 0.385]","(-0.001, 0.524]","(-0.001, 1.201]",*
0.3373528747470964,"(-0.001, 0.385]","(-0.001, 0.524]","(-0.001, 1.201]",*
0.338376266363947,"(-0.001, 0.385]","(-0.001, 0.524]","(-0.001, 1.201]",*
0.3385116655209526,"(-0.001, 0.385]","(-0.001, 0.524]","(-0.001, 1.201]",*
0.33950137931325125,"(-0.001, 0.385]","(-0.001, 0.524]","(-0.001, 1.201]",*
0.33996013777705103,"(-0.001, 0.385]","(-0.001, 0.524]","(-0.001, 1.201]",*
0.3412938286338825,"(-0.001, 0.385]","(-0.001, 0.524]","(-0.001, 1.201]",*
0.3444379598231202,"(-0.001, 0.385]","(-0.001, 0.524]","(-0.001, 1.201]",*
0.3509595161931771,"(-0.001, 0.385]","(-0.001, 0.524]","(-0.001, 1.201]",*
0.3530459253514385,"(-0.001, 0.385]","(-0.001, 0.524]","(-0.001, 1.201]",*
0.35610025446021965,"(-0.001, 0.385]","(-0.001, 0.524]","(-0.001, 1.201]",*
0.3608926432020648,"(-0.001, 0.385]","(-0.001, 0.524]","(-0.001, 1.201]",*
0.36212043731710697,"(-0.001, 0.385]","(-0.001, 0.524]","(-0.001, 1.201]",*
0.36299820592822274,"(-0.001, 0.385]","(-0.001, 0.524]","(-0.001, 1.201]",*
0.36556933895161137,"(-0.001, 0.385]","(-0.001, 0.524]","(-0.001, 1.201]",*
0.36982953620629766,"(-0.001, 0.385]","(-0.001, 0.524]","(-0.001, 1.201]",*
0.37193021129264386,"(-0.001, 0.385]","(-0.001, 0.524]","(-0.001, 1.201]",*
0.3736100224616954,"(-0.001, 0.385]","(-0.001, 0.524]","(-0.001, 1.201]",*
0.37433180992527365,"(-0.001, 0.385]","(-0.001, 0.524]","(-0.001, 1.201]",*
0.3795856100422766,"(-0.001, 0.385]","(-0.001, 0.524]","(-0.001, 1.201]",*
0.3807470282934707,"(-0.001, 0.385]","(-0.001, 0.524]","(-0.001, 1.201]",*
0.38120296642642276,"(-0.001, 0.385]","(-0.001, 0.524]","(-0.001, 1.201]",*
0.3823395825707219,"(-0.001, 0.385]","(-0.001, 0.524]","(-0.001, 1.201]",*
0.38236672561978574,"(-0.001, 0.385]","(-0.001, 0.524]","(-0.001, 1.201]",*
0.38266262690348263,"(-0.001, 0.385]","(-0.001, 0.524]","(-0.001, 1.201]",*
0.3832201540706188,"(-0.001, 0.385]","(-0.001, 0.524]","(-0.001, 1.201]",*
0.38413725565387924,"(-0.001, 0.385]","(-0.001, 0.524]","(-0.001, 1.201]",*
0.3857721445885586,"(0.385, 1.201]","(-0.001, 0.524]","(-0.001, 1.201]",*
0.3876120219078285,"(0.385, 1.201]","(-0.001, 0.524]","(-0.001, 1.201]",*
0.38803765596980994,"(0.385, 1.201]","(-0.001, 0.524]","(-0.001, 1.201]",*
0.3902654913673837,"(0.385, 1.201]","(-0.001, 0.524]","(-0.001, 1.201]",*
0.3917551547854356,"(0.385, 1.201]","(-0.001, 0.524]","(-0.001, 1.201]",*
0.391869620573986,"(0.385, 1.201]","(-0.001, 0.524]","(-0.001, 1.201]",*
0.3950781255124389,"(0.385, 1.201]","(-0.001, 0.524]","(-0.001, 1.201]",*
0.3967026964623653,"(0.385, 1.201]","(-0.001, 0.524]","(-0.001, 1.201]",*
0.39798378954711244,"(0.385, 1.201]","(-0.001, 0.524]","(-0.001, 1.201]",*
0.3987139054145862,"(0.385, 1.201]","(-0.001, 0.524]","(-0.001, 1.201]",*
0.40172460226871876,"(0.385, 1.201]","(-0.001, 0.524]","(-0.001, 1.201]",*
0.402133121027589,"(0.385, 1.201]","(-0.001, 0.524]","(-0.001, 1.201]",*
0.4030732548511621,"(0.385, 1.201]","(-0.001, 0.524]","(-0.001, 1.201]",*
0.40365947936250535,"(0.385, 1.201]","(-0.001, 0.524]","(-0.001, 1.201]",*
0.40425840020049264,"(0.385, 1.201]","(-0.001, 0.524]","(-0.001, 1.201]",*
0.4052120456299454,"(0.385, 1.201]","(-0.001, 0.524]","(-0.001, 1.201]",*
0.4061272801131909,"(0.385, 1.201]","(-0.001, 0.524]","(-0.001, 1.201]",*
0.4089424234857571,"(0.385, 1.201]","(-0.001, 0.524]","(-0.001, 1.201]",*
0.40918863882003775,"(0.385, 1.201]","(-0.001, 0.524]","(-0.001, 1.201]",*
0.4100085754112339,"(0.385, 1.201]","(-0.001, 0.524]","(-0.001, 1.201]",*
0.411279725680406,"(0.385, 1.201]","(-0.001, 0.524]","(-0.001, 1.201]",*
0.41260459328515875,"(0.385, 1.201]","(-0.001, 0.524]","(-0.001, 1.201]",*
0.4134351841403207,"(0.385, 1.201]","(-0.001, 0.524]","(-0.001, 1.201]",*
0.4145674851494531,"(0.385, 1.201]","(-0.001, 0.524]","(-0.001, 1.201]",*
0.41597845304417247,"(0.385, 1.201]","(-0.001, 0.524]","(-0.001, 1.201]",*
0.4170807414758242,"(0.385, 1.201]","(-0.001, 0.524]","(-0.001, 1.201]",*
0.41752056595662135,"(0.385, 1.201]","(-0.001, 0.524]","(-0.001, 1.201]",*
0.4186542098230114,"(0.385, 1.201]","(-0.001, 0.524]","(-0.001, 1.201]",*
0.4197564834098316,"(0.385, 1.201]","(-0.001, 0.524]","(-0.001, 1.201]",*
0.4197726539068535,"(0.385, 1.201]","(-0.001, 0.524]","(-0.001, 1.201]",*
0.42,"(0.385, 1.201]","(-0.001, 0.524]","(-0.001, 1.201]",*
0.4200664589696471,"(0.385, 1.201]","(-0.001, 0.524]","(-0.001, 1.201]",*
0.42187206909695385,"(0.385, 1.201]","(-0.001, 0.524]","(-0.001, 1.201]",*
0.42468546875150626,"(0.385, 1.201]","(-0.001, 0.524]","(-0.001, 1.201]",*
0.4259721458850916,"(0.385, 1.201]","(-0.001, 0.524]","(-0.001, 1.201]",*
0.4261036004808832,"(0.385, 1.201]","(-0.001, 0.524]","(-0.001, 1.201]",*
0.4261185645983735,"(0.385, 1.201]","(-0.001, 0.524]","(-0.001, 1.201]",*
0.42713703750500076,"(0.385, 1.201]","(-0.001, 0.524]","(-0.001, 1.201]",*
0.4288613220967773,"(0.385, 1.201]","(-0.001, 0.524]","(-0.001, 1.201]",*
0.42996324120414353,"(0.385, 1.201]","(-0.001, 0.524]","(-0.001, 1.201]",*
0.4307892399063745,"(0.385, 1.201]","(-0.001, 0.524]","(-0.001, 1.201]",*
0.43139859105264466,"(0.385, 1.201]","(-0.001, 0.524]","(-0.001, 1.201]",*
0.4329214414531257,"(0.385, 1.201]","(-0.001, 0.524]","(-0.001, 1.201]",*
0.43312970850537447,"(0.385, 1.201]","(-0.001, 0.524]","(-0.001, 1.201]",*
0.4407926996052904,"(0.385, 1.201]","(-0.001, 0.524]","(-0.001, 1.201]",*
0.44083993620112516,"(0.385, 1.201]","(-0.001, 0.524]","(-0.001, 1.201]",*
0.4410207051149448,"(0.385, 1.201]","(-0.001, 0.524]","(-0.001, 1.201]",*
0.441731947085949,"(0.385, 1.201]","(-0.001, 0.524]","(-0.001, 1.201]",*
0.44380494436665274,"(0.385, 1.201]","(-0.001, 0.524]","(-0.001, 1.201]",*
0.4447979935628471,"(0.385, 1.201]","(-0.001, 0.524]","(-0.001, 1.201]",*
0.44770938612834477,"(0.385, 1.201]","(-0.001, 0.524]","(-0.001, 1.201]",*
0.44780753007759344,"(0.385, 1.201]","(-0.001, 0.524]","(-0.001, 1.201]",*
0.4489474529652105,"(0.385, 1.201]","(-0.001, 0.524]","(-0.001, 1.201]",*
0.4490834277012896,"(0.385, 1.201]","(-0.001, 0.524]","(-0.001, 1.201]",*
0.44911053110804594,"(0.385, 1.201]","(-0.001, 0.524]","(-0.001, 1.201]",*
0.44980064683809795,"(0.385, 1.201]","(-0.001, 0.524]","(-0.001, 1.201]",*
0.45137003646841306,"(0.385, 1.201]","(-0.001, 0.524]","(-0.001, 1.201]",*
0.45172519508627096,"(0.385, 1.201]","(-0.001, 0.524]","(-0.001, 1.201]",*
0.45320904353008556,"(0.385, 1.201]","(-0.001, 0.524]","(-0.001, 1.201]",*
0.4551274347705361,"(0.385, 1.201]","(-0.001, 0.524]","(-0.001, 1.201]",*
0.456129772122862,"(0.385, 1.201]","(-0.001, 0.524]","(-0.001, 1.201]",*
0.4561463715088643,"(0.385, 1.201]","(-0.001, 0.524]","(-0.001, 1.201]",*
0.4572533503292171,"(0.385, 1.201]","(-0.001, 0.524]","(-0.001, 1.201]",*
0.4582887822789907,"(0.385, 1.201]","(-0.001, 0.524]","(-0.001, 1.201]",*
0.45905910741437406,"(0.385, 1.201]","(-0.001, 0.524]","(-0.001, 1.201]",*
0.4596673562441565,"(0.385, 1.201]","(-0.001, 0.524]","(-0.001, 1.201]",*
0.46047446697442196,"(0.385, 1.201]","(-0.001, 0.524]","(-0.001, 1.201]",*
0.46113751986798557,"(0.385, 1.201]","(-0.001, 0.524]","(-0.001, 1.201]",*
0.46237821730998757,"(0.385, 1.201]","(-0.001, 0.524]","(-0.001, 1.201]",*
0.46258171291877437,"(0.385, 1.201]","(-0.001, 0.524]","(-0.001, 1.201]",*
0.46310646508815745,"(0.385, 1.201]","(-0.001, 0.524]","(-0.001, 1.201]",*
0.46392695453928035,"(0.385, 1.201]","(-0.001, 0.524]","(-0.001, 1.201]",*
0.4671069989623969,"(0.385, 1.201]","(-0.001, 0.524]","(-0.001, 1.201]",*
0.46764691564443717,"(0.385, 1.201]","(-0.001, 0.524]","(-0.001, 1.201]",*
0.46924917399024213,"(0.385, 1.201]","(-0.001, 0.524]","(-0.001, 1.201]",*
0.4702159726264065,"(0.385, 1.201]","(-0.001, 0.524]","(-0.001, 1.201]",*
0.47616193605237833,"(0.385, 1.201]","(-0.001, 0.524]","(-0.001, 1.201]",*
0.47971667041671257,"(0.385, 1.201]","(-0.001, 0.524]","(-0.001, 1.201]",*
0.4800802253588152,"(0.385, 1.201]","(-0.001, 0.524]","(-0.001, 1.201]",*
0.48078507727074926,"(0.385, 1.201]","(-0.001, 0.524]","(-0.001, 1.201]",*
0.4877607525014429,"(0.385, 1.201]","(-0.001, 0.524]","(-0.001, 1.201]",*
0.488681017453544,"(0.385, 1.201]","(-0.001, 0.524]","(-0.001, 1.201]",*
0.49048409463680726,"(0.385, 1.201]","(-0.001, 0.524]","(-0.001, 1.201]",*
0.4922682415051587,"(0.385, 1.201]","(-0.001, 0.524]","(-0.001, 1.201]",*
0.493188640808833,"(0.385, 1.201]","(-0.001, 0.524]","(-0.001, 1.201]",*
0.49608235858703054,"(0.385, 1.201]","(-0.001, 0.524]","(-0.001, 1.201]",*
0.496258069720809,"(0.385, 1.201]","(-0.001, 0.524]","(-0.001, 1.201]",*
0.5,"(0.385, 1.201]","(-0.001, 0.524]","(-0.001, 1.201]",*
0.501058948620712,"(0.385, 1.201]","(-0.001, 0.524]","(-0.001, 1.201]",*
0.5018720690969538,"(0.385, 1.201]","(-0.001, 0.524]","(-0.001, 1.201]",*
0.5026643701237357,"(0.385, 1.201]","(-0.001, 0.524]","(-0.001, 1.201]",*
0.5040858722038648,"(0.385, 1.201]","(-0.001, 0.524]","(-0.001, 1.201]",*
0.5092115727891454,"(0.385, 1.201]","(-0.001, 0.524]","(-0.001, 1.201]",*
0.5123934632959037,"(0.385, 1.201]","(-0.001, 0.524]","(-0.001, 1.201]",*
0.5143724040653771,"(0.385, 1.201]","(-0.001, 0.524]","(-0.001, 1.201]",*
0.5160412533902986,"(0.385, 1.201]","(-0.001, 0.524]","(-0.001, 1.201]",*
0.5209849322917367,"(0.385, 1.201]","(-0.001, 0.524]","(-0.001, 1.201]",*
0.5217190842291429,"(0.385, 1.201]","(-0.001, 0.524]","(-0.001, 1.201]",*
0.5235227994501693,"(0.385, 1.201]","(-0.001, 0.524]","(-0.001, 1.201]",*
0.5235646638065787,"(0.385, 1.201]","(0.524, 2.809]","(-0.001, 1.201]",*
0.5245926207548479,"(0.385, 1.201]","(0.524, 2.809]","(-0.001, 1.201]",*
0.5247359272708525,"(0.385, 1.201]","(0.524, 2.809]","(-0.001, 1.201]",*
0.5267793260542896,"(0.385, 1.201]","(0.524, 2.809]","(-0.001, 1.201]",*
0.5303941564720096,"(0.385, 1.201]","(0.524, 2.809]","(-0.001, 1.201]",*
0.5308893549055884,"(0.385, 1.201]","(0.524, 2.809]","(-0.001, 1.201]",*
0.5327227219931424,"(0.385, 1.201]","(0.524, 2.809]","(-0.001, 1.201]",*
0.5356328030249583,"(0.385, 1.201]","(0.524, 2.809]","(-0.001, 1.201]",*
0.5362834146142454,"(0.385, 1.201]","(0.524, 2.809]","(-0.001, 1.201]",*
0.5364912453440384,"(0.385, 1.201]","(0.524, 2.809]","(-0.001, 1.201]",*
0.537360865063375,"(0.385, 1.201]","(0.524, 2.809]","(-0.001, 1.201]",*
0.5382883864596844,"(0.385, 1.201]","(0.524, 2.809]","(-0.001, 1.201]",*
0.5387024206845382,"(0.385, 1.201]","(0.524, 2.809]","(-0.001, 1.201]",*
0.5398943965896339,"(0.385, 1.201]","(0.524, 2.809]","(-0.001, 1.201]",*
0.5415416996027609,"(0.385, 1.201]","(0.524, 2.809]","(-0.001, 1.201]",*
0.5415699343346682,"(0.385, 1.201]","(0.524, 2.809]","(-0.001, 1.201]",*
0.5417109925331276,"(0.385, 1.201]","(0.524, 2.809]","(-0.001, 1.201]",*
0.5430885783542342,"(0.385, 1.201]","(0.524, 2.809]","(-0.001, 1.201]",*
0.5447276388032682,"(0.385, 1.201]","(0.524, 2.809]","(-0.001, 1.201]",*
0.5463031554439547,"(0.385, 1.201]","(0.524, 2.809]","(-0.001, 1.201]",*
0.54778485863342,"(0.385, 1.201]","(0.524, 2.809]","(-0.001, 1.201]",*
0.5479778035495211,"(0.385, 1.201]","(0.524, 2.809]","(-0.001, 1.201]",*
0.5483152237754165,"(0.385, 1.201]","(0.524, 2.809]","(-0.001, 1.201]",*
0.5539751709593356,"(0.385, 1.201]","(0.524, 2.809]","(-0.001, 1.201]",*
0.5542433367653892,"(0.385, 1.201]","(0.524, 2.809]","(-0.001, 1.201]",*
0.5554330767409839,"(0.385, 1.201]","(0.524, 2.809]","(-0.001, 1.201]",*
0.5577644479576278,"(0.385, 1.201]","(0.524, 2.809]","(-0.001, 1.201]",*
0.5578113008828718,"(0.385, 1.201]","(0.524, 2.809]","(-0.001, 1.201]",*
0.5578691035708427,"(0.385, 1.201]","(0.524, 2.809]","(-0.001, 1.201]",*
0.5579334109289235,"(0.385, 1.201]","(0.524, 2.809]","(-0.001, 1.201]",*
0.5587659279810165,"(0.385, 1.201]","(0.524, 2.809]","(-0.001, 1.201]",*
0.5588024908243643,"(0.385, 1.201]","(0.524, 2.809]","(-0.001, 1.201]",*
0.5590305480608257,"(0.385, 1.201]","(0.524, 2.809]","(-0.001, 1.201]",*
0.5597246525030007,"(0.385, 1.201]","(0.524, 2.809]","(-0.001, 1.201]",*
0.5598511984424976,"(0.385, 1.201]","(0.524, 2.809]","(-0.001, 1.201]",*
0.5648262806121489,"(0.385, 1.201]","(0.524, 2.809]","(-0.001, 1.201]",*
0.5658082093458291,"(0.385, 1.201]","(0.524, 2.809]","(-0.001, 1.201]",*
0.5678519500751834,"(0.385, 1.201]","(0.524, 2.809]","(-0.001, 1.201]",*
0.5680224203098774,"(0.385, 1.201]","(0.524, 2.809]","(-0.001, 1.201]",*
0.5745484620478241,"(0.385, 1.201]","(0.524, 2.809]","(-0.001, 1.201]",*
0.5757511620448724,"(0.385, 1.201]","(0.524, 2.809]","(-0.001, 1.201]",*
0.5779355613770822,"(0.385, 1.201]","(0.524, 2.809]","(-0.001, 1.201]",*
0.58,"(0.385, 1.201]","(0.524, 2.809]","(-0.001, 1.201]",*
0.5834237565242498,"(0.385, 1.201]","(0.524, 2.809]","(-0.001, 1.201]",*
0.5919150730164013,"(0.385, 1.201]","(0.524, 2.809]","(-0.001, 1.201]",*
0.5928167027740003,"(0.385, 1.201]","(0.524, 2.809]","(-0.001, 1.201]",*
0.6061517928678946,"(0.385, 1.201]","(0.524, 2.809]","(-0.001, 1.201]",*
0.6097866744479933,"(0.385, 1.201]","(0.524, 2.809]","(-0.001, 1.201]",*
0.6103552455897479,"(0.385, 1.201]","(0.524, 2.809]","(-0.001, 1.201]",*
0.6129763336506806,"(0.385, 1.201]","(0.524, 2.809]","(-0.001, 1.201]",*
0.6130726320219415,"(0.385, 1.201]","(0.524, 2.809]","(-0.001, 1.201]",*
0.6133369951947151,"(0.385, 1.201]","(0.524, 2.809]","(-0.001, 1.201]",*
0.616024801591472,"(0.385, 1.201]","(0.524, 2.809]","(-0.001, 1.201]",*
0.6165182472745373,"(0.385, 1.201]","(0.524, 2.809]","(-0.001, 1.201]",*
0.6191741455646982,"(0.385, 1.201]","(0.524, 2.809]","(-0.001, 1.201]",*
0.6199499596175453,"(0.385, 1.201]","(0.524, 2.809]","(-0.001, 1.201]",*
0.6209662278961818,"(0.385, 1.201]","(0.524, 2.809]","(-0.001, 1.201]",*
0.6216106786315554,"(0.385, 1.201]","(0.524, 2.809]","(-0.001, 1.201]",*
0.6270133237649578,"(0.385, 1.201]","(0.524, 2.809]","(-0.001, 1.201]",*
0.6297758737382662,"(0.385, 1.201]","(0.524, 2.809]","(-0.001, 1.201]",*
0.6305383622347507,"(0.385, 1.201]","(0.524, 2.809]","(-0.001, 1.201]",*
0.6328114040393507,"(0.385, 1.201]","(0.524, 2.809]","(-0.001, 1.201]",*
0.6339309563179247,"(0.385, 1.201]","(0.524, 2.809]","(-0.001, 1.201]",*
0.6367076664846887,"(0.385, 1.201]","(0.524, 2.809]","(-0.001, 1.201]",*
0.6368387421595536,"(0.385, 1.201]","(0.524, 2.809]","(-0.001, 1.201]",*
0.6433625364661526,"(0.385, 1.201]","(0.524, 2.809]","(-0.001, 1.201]",*
0.6446422102517345,"(0.385, 1.201]","(0.524, 2.809]","(-0.001, 1.201]",*
0.6462644373146849,"(0.385, 1.201]","(0.524, 2.809]","(-0.001, 1.201]",*
0.6482526079326489,"(0.385, 1.201]","(0.524, 2.809]","(-0.001, 1.201]",*
0.6506342739315127,"(0.385, 1.201]","(0.524, 2.809]","(-0.001, 1.201]",*
0.6513879005316543,"(0.385, 1.201]","(0.524, 2.809]","(-0.001, 1.201]",*
0.6533545759002599,"(0.385, 1.201]","(0.524, 2.809]","(-0.001, 1.201]",*
0.6549930604394869,"(0.385, 1.201]","(0.524, 2.809]","(-0.001, 1.201]",*
0.6563958795549678,"(0.385, 1.201]","(0.524, 2.809]","(-0.001, 1.201]",*
0.6583593322261598,"(0.385, 1.201]","(0.524, 2.809]","(-0.001, 1.201]",*
0.6639760963230428,"(0.385, 1.201]","(0.524, 2.809]","(-0.001, 1.201]",*
0.67,"(0.385, 1.201]","(0.524, 2.809]","(-0.001, 1.201]",*
0.6706458689563937,"(0.385, 1.201]","(0.524, 2.809]","(-0.001, 1.201]",*
0.6720478073539145,"(0.385, 1.201]","(0.524, 2.809]","(-0.001, 1.201]",*
0.6731013060507799,"(0.385, 1.201]","(0.524, 2.809]","(-0.001, 1.201]",*
0.6753170279335347,"(0.385, 1.201]","(0.524, 2.809]","(-0.001, 1.201]",*
0.6772633053384269,"(0.385, 1.201]","(0.524, 2.809]","(-0.001, 1.201]",*
0.6777898048094501,"(0.385, 1.201]","(0.524, 2.809]","(-0.001, 1.201]",*
0.6813591290967357,"(0.385, 1.201]","(0.524, 2.809]","(-0.001, 1.201]",*
0.6870914354061282,"(0.385, 1.201]","(0.524, 2.809]","(-0.001, 1.201]",*
0.6882041180058974,"(0.385, 1.201]","(0.524, 2.809]","(-0.001, 1.201]",*
0.6958735670729935,"(0.385, 1.201]","(0.524, 2.809]","(-0.001, 1.201]",*
0.6958871596169789,"(0.385, 1.201]","(0.524, 2.809]","(-0.001, 1.201]",*
0.697146987594143,"(0.385, 1.201]","(0.524, 2.809]","(-0.001, 1.201]",*
0.7069797154922033,"(0.385, 1.201]","(0.524, 2.809]","(-0.001, 1.201]",*
0.7139726267899507,"(0.385, 1.201]","(0.524, 2.809]","(-0.001, 1.201]",*
0.7141119160582041,"(0.385, 1.201]","(0.524, 2.809]","(-0.001, 1.201]",*
0.7151787489637426,"(0.385, 1.201]","(0.524, 2.809]","(-0.001, 1.201]",*
0.7221753786149274,"(0.385, 1.201]","(0.524, 2.809]","(-0.001, 1.201]",*
0.7317103944456389,"(0.385, 1.201]","(0.524, 2.809]","(-0.001, 1.201]",*
0.7366776232628494,"(0.385, 1.201]","(0.524, 2.809]","(-0.001, 1.201]",*
0.7396928956345188,"(0.385, 1.201]","(0.524, 2.809]","(-0.001, 1.201]",*
0.7400723566808254,"(0.385, 1.201]","(0.524, 2.809]","(-0.001, 1.201]",*
0.75,"(0.385, 1.201]","(0.524, 2.809]","(-0.001, 1.201]",*
0.7511610107321747,"(0.385, 1.201]","(0.524, 2.809]","(-0.001, 1.201]",*
0.7560327155064115,"(0.385, 1.201]","(0.524, 2.809]","(-0.001, 1.201]",*
0.7561355094465191,"(0.385, 1.201]","(0.524, 2.809]","(-0.001, 1.201]",*
0.7572648542802618,"(0.385, 1.201]","(0.524, 2.809]","(-0.001, 1.201]",*
0.7599797266202905,"(0.385, 1.201]","(0.524, 2.809]","(-0.001, 1.201]",*
0.7677658578290573,"(0.385, 1.201]","(0.524, 2.809]","(-0.001, 1.201]",*
0.7681372721839377,"(0.385, 1.201]","(0.524, 2.809]","(-0.001, 1.201]",*
0.7700720581219963,"(0.385, 1.201]","(0.524, 2.809]","(-0.001, 1.201]",*
0.7719297165997602,"(0.385, 1.201]","(0.524, 2.809]","(-0.001, 1.201]",*
0.7733260096105699,"(0.385, 1.201]","(0.524, 2.809]","(-0.001, 1.201]",*
0.7756829710252607,"(0.385, 1.201]","(0.524, 2.809]","(-0.001, 1.201]",*
0.7786953959411034,"(0.385, 1.201]","(0.524, 2.809]","(-0.001, 1.201]",*
0.786688022632518,"(0.385, 1.201]","(0.524, 2.809]","(-0.001, 1.201]",*
0.7889135122866382,"(0.385, 1.201]","(0.524, 2.809]","(-0.001, 1.201]",*
0.7909968530286667,"(0.385, 1.201]","(0.524, 2.809]","(-0.001, 1.201]",*
0.7933921732290844,"(0.385, 1.201]","(0.524, 2.809]","(-0.001, 1.201]",*
0.799069373573031,"(0.385, 1.201]","(0.524, 2.809]","(-0.001, 1.201]",*
0.8017876136444347,"(0.385, 1.201]","(0.524, 2.809]","(-0.001, 1.201]",*
0.8029457198143604,"(0.385, 1.201]","(0.524, 2.809]","(-0.001, 1.201]",*
0.8042611570489923,"(0.385, 1.201]","(0.524, 2.809]","(-0.001, 1.201]",*
0.8118867128639065,"(0.385, 1.201]","(0.524, 2.809]","(-0.001, 1.201]",*
0.812082643725215,"(0.385, 1.201]","(0.524, 2.809]","(-0.001, 1.201]",*
0.8127073129357095,"(0.385, 1.201]","(0.524, 2.809]","(-0.001, 1.201]",*
0.8129982298148413,"(0.385, 1.201]","(0.524, 2.809]","(-0.001, 1.201]",*
0.81877681861745,"(0.385, 1.201]","(0.524, 2.809]","(-0.001, 1.201]",*
0.8206261044469073,"(0.385, 1.201]","(0.524, 2.809]","(-0.001, 1.201]",*
0.820767120701315,"(0.385, 1.201]","(0.524, 2.809]","(-0.001, 1.201]",*
0.8247315148919675,"(0.385, 1.201]","(0.524, 2.809]","(-0.001, 1.201]",*
0.8258880477728677,"(0.385, 1.201]","(0.524, 2.809]","(-0.001, 1.201]",*
0.8383994436828931,"(0.385, 1.201]","(0.524, 2.809]","(-0.001, 1.201]",*
0.8396659125247261,"(0.385, 1.201]","(0.524, 2.809]","(-0.001, 1.201]",*
0.8415545706490274,"(0.385, 1.201]","(0.524, 2.809]","(-0.001, 1.201]",*
0.8424473149173382,"(0.385, 1.201]","(0.524, 2.809]","(-0.001, 1.201]",*
0.8577805787295198,"(0.385, 1.201]","(0.524, 2.809]","(-0.001, 1.201]",*
0.8581220871090094,"(0.385, 1.201]","(0.524, 2.809]","(-0.001, 1.201]",*
0.8612019511341169,"(0.385, 1.201]","(0.524, 2.809]","(-0.001, 1.201]",*
0.8629761940863359,"(0.385, 1.201]","(0.524, 2.809]","(-0.001, 1.201]",*
0.8652602830209412,"(0.385, 1.201]","(0.524, 2.809]","(-0.001, 1.201]",*
0.8705876625777487,"(0.385, 1.201]","(0.524, 2.809]","(-0.001, 1.201]",*
0.8737336315573527,"(0.385, 1.201]","(0.524, 2.809]","(-0.001, 1.201]",*
0.874287966624947,"(0.385, 1.201]","(0.524, 2.809]","(-0.001, 1.201]",*
0.8753674278318723,"(0.385, 1.201]","(0.524, 2.809]","(-0.001, 1.201]",*
0.8771309658812383,"(0.385, 1.201]","(0.524, 2.809]","(-0.001, 1.201]",*
0.8784973421624589,"(0.385, 1.201]","(0.524, 2.809]","(-0.001, 1.201]",*
0.8887783878065907,"(0.385, 1.201]","(0.524, 2.809]","(-0.001, 1.201]",*
0.8997060577345022,"(0.385, 1.201]","(0.524, 2.809]","(-0.001, 1.201]",*
0.9041729913819825,"(0.385, 1.201]","(0.524, 2.809]","(-0.001, 1.201]",*
0.9047974655848947,"(0.385, 1.201]","(0.524, 2.809]","(-0.001, 1.201]",*
0.9071400417188162,"(0.385, 1.201]","(0.524, 2.809]","(-0.001, 1.201]",*
0.9096585118932929,"(0.385, 1.201]","(0.524, 2.809]","(-0.001, 1.201]",*
0.9114196870542793,"(0.385, 1.201]","(0.524, 2.809]","(-0.001, 1.201]",*
0.9204779174132443,"(0.385, 1.201]","(0.524, 2.809]","(-0.001, 1.201]",*
0.9236376612536891,"(0.385, 1.201]","(0.524, 2.809]","(-0.001, 1.201]",*
0.9257702282409439,"(0.385, 1.201]","(0.524, 2.809]","(-0.001, 1.201]",*
0.9272318765543861,"(0.385, 1.201]","(0.524, 2.809]","(-0.001, 1.201]",*
0.930833004544862,"(0.385, 1.201]","(0.524, 2.809]","(-0.001, 1.201]",*
0.9324666478012463,"(0.385, 1.201]","(0.524, 2.809]","(-0.001, 1.201]",*
0.9332320425165959,"(0.385, 1.201]","(0.524, 2.809]","(-0.001, 1.201]",*
0.9339659468274233,"(0.385, 1.201]","(0.524, 2.809]","(-0.001, 1.201]",*
0.9351760761852063,"(0.385, 1.201]","(0.524, 2.809]","(-0.001, 1.201]",*
0.9369617103306233,"(0.385, 1.201]","(0.524, 2.809]","(-0.001, 1.201]",*
0.940431945252813,"(0.385, 1.201]","(0.524, 2.809]","(-0.001, 1.201]",*
0.9405022811008374,"(0.385, 1.201]","(0.524, 2.809]","(-0.001, 1.201]",*
0.9532402020192006,"(0.385, 1.201]","(0.524, 2.809]","(-0.001, 1.201]",*
0.9540780012301218,"(0.385, 1.201]","(0.524, 2.809]","(-0.001, 1.201]",*
0.9543853628491136,"(0.385, 1.201]","(0.524, 2.809]","(-0.001, 1.201]",*
0.9592204028575517,"(0.385, 1.201]","(0.524, 2.809]","(-0.001, 1.201]",*
0.9608346580630002,"(0.385, 1.201]","(0.524, 2.809]","(-0.001, 1.201]",*
0.9644897677894309,"(0.385, 1.201]","(0.524, 2.809]","(-0.001, 1.201]",*
0.9723528335071931,"(0.385, 1.201]","(0.524, 2.809]","(-0.001, 1.201]",*
0.9748149716212281,"(0.385, 1.201]","(0.524, 2.809]","(-0.001, 1.201]",*
0.9791179930911308,"(0.385, 1.201]","(0.524, 2.809]","(-0.001, 1.201]",*
0.9793490005342713,"(0.385, 1.201]","(0.524, 2.809]","(-0.001, 1.201]",*
0.9799662953634996,"(0.385, 1.201]","(0.524, 2.809]","(-0.001, 1.201]",*
0.9869312198688952,"(0.385, 1.201]","(0.524, 2.809]","(-0.001, 1.201]",*
0.9903498370120096,"(0.385, 1.201]","(0.524, 2.809]","(-0.001, 1.201]",*
1.0,"(0.385, 1.201]","(0.524, 2.809]","(-0.001, 1.201]",*
1.0142781783924413,"(0.385, 1.201]","(0.524, 2.809]","(-0.001, 1.201]",*
1.0174249550928327,"(0.385, 1.201]","(0.524, 2.809]","(-0.001, 1.201]",*
1.0465454265883403,"(0.385, 1.201]","(0.524, 2.809]","(-0.001, 1.201]",*
1.0514826722855344,"(0.385, 1.201]","(0.524, 2.809]","(-0.001, 1.201]",*
1.055374320421198,"(0.385, 1.201]","(0.524, 2.809]","(-0.001, 1.201]",*
1.0639872463697884,"(0.385, 1.201]","(0.524, 2.809]","(-0.001, 1.201]",*
1.0706590247509282,"(0.385, 1.201]","(0.524, 2.809]","(-0.001, 1.201]",*
1.0727530881171778,"(0.385, 1.201]","(0.524, 2.809]","(-0.001, 1.201]",*
1.0879098815483932,"(0.385, 1.201]","(0.524, 2.809]","(-0.001, 1.201]",*
1.0925572386723363,"(0.385, 1.201]","(0.524, 2.809]","(-0.001, 1.201]",*
1.1225099410026766,"(0.385, 1.201]","(0.524, 2.809]","(-0.001, 1.201]",*
1.1391951209838775,"(0.385, 1.201]","(0.524, 2.809]","(-0.001, 1.201]",*
1.1497258050708328,"(0.385, 1.201]","(0.524, 2.809]","(-0.001, 1.201]",*
1.150391682515694,"(0.385, 1.201]","(0.524, 2.809]","(-0.001, 1.201]",*
1.1595714674645676,"(0.385, 1.201]","(0.524, 2.809]","(-0.001, 1.201]",*
1.1626043167613624,"(0.385, 1.201]","(0.524, 2.809]","(-0.001, 1.201]",*
1.1644676916596528,"(0.385, 1.201]","(0.524, 2.809]","(-0.001, 1.201]",*
1.1703977520722808,"(0.385, 1.201]","(0.524, 2.809]","(-0.001, 1.201]",*
1.1728604830746054,"(0.385, 1.201]","(0.524, 2.809]","(-0.001, 1.201]",*
1.17567700286573,"(0.385, 1.201]","(0.524, 2.809]","(-0.001, 1.201]",*
1.1835649430641255,"(0.385, 1.201]","(0.524, 2.809]","(-0.001, 1.201]",*
1.1855176571723853,"(0.385, 1.201]","(0.524, 2.809]","(-0.001, 1.201]",*
1.2009459233308801,"(0.385, 1.201]","(0.524, 2.809]","(-0.001, 1.201]",*
1.2183614789439332,"(1.201, 4.262]","(0.524, 2.809]","(1.201, 30.0]",*
1.218857068301466,"(1.201, 4.262]","(0.524, 2.809]","(1.201, 30.0]",*
1.2239313392688287,"(1.201, 4.262]","(0.524, 2.809]","(1.201, 30.0]",*
1.2272121512949359,"(1.201, 4.262]","(0.524, 2.809]","(1.201, 30.0]",*
1.2291945730826743,"(1.201, 4.262]","(0.524, 2.809]","(1.201, 30.0]",*
1.2467536855057917,"(1.201, 4.262]","(0.524, 2.809]","(1.201, 30.0]",*
1.2539965862023563,"(1.201, 4.262]","(0.524, 2.809]","(1.201, 30.0]",*
1.2586585884356096,"(1.201, 4.262]","(0.524, 2.809]","(1.201, 30.0]",*
1.2636517155038667,"(1.201, 4.262]","(0.524, 2.809]","(1.201, 30.0]",*
1.2643117870736493,"(1.201, 4.262]","(0.524, 2.809]","(1.201, 30.0]",*
1.275674333350123,"(1.201, 4.262]","(0.524, 2.809]","(1.201, 30.0]",*
1.2837558257819812,"(1.201, 4.262]","(0.524, 2.809]","(1.201, 30.0]",*
1.284209065226544,"(1.201, 4.262]","(0.524, 2.809]","(1.201, 30.0]",*
1.2930202845077967,"(1.201, 4.262]","(0.524, 2.809]","(1.201, 30.0]",*
1.3003169234080676,"(1.201, 4.262]","(0.524, 2.809]","(1.201, 30.0]",*
1.30509435941066,"(1.201, 4.262]","(0.524, 2.809]","(1.201, 30.0]",*
1.3459021738484356,"(1.201, 4.262]","(0.524, 2.809]","(1.201, 30.0]",*
1.3560508036578982,"(1.201, 4.262]","(0.524, 2.809]","(1.201, 30.0]",*
1.3590137578702466,"(1.201, 4.262]","(0.524, 2.809]","(1.201, 30.0]",*
1.3604246624440164,"(1.201, 4.262]","(0.524, 2.809]","(1.201, 30.0]",*
1.3716703600615712,"(1.201, 4.262]","(0.524, 2.809]","(1.201, 30.0]",*
1.3758118853057577,"(1.201, 4.262]","(0.524, 2.809]","(1.201, 30.0]",*
1.3781487722758203,"(1.201, 4.262]","(0.524, 2.809]","(1.201, 30.0]",*
1.3812741386043292,"(1.201, 4.262]","(0.524, 2.809]","(1.201, 30.0]",*
1.3832487450701683,"(1.201, 4.262]","(0.524, 2.809]","(1.201, 30.0]",*
1.3853645720408057,"(1.201, 4.262]","(0.524, 2.809]","(1.201, 30.0]",*
1.390209758827227,"(1.201, 4.262]","(0.524, 2.809]","(1.201, 30.0]",*
1.4084915492735128,"(1.201, 4.262]","(0.524, 2.809]","(1.201, 30.0]",*
1.4103868554251764,"(1.201, 4.262]","(0.524, 2.809]","(1.201, 30.0]",*
1.432711509396223,"(1.201, 4.262]","(0.524, 2.809]","(1.201, 30.0]",*
1.452283352289584,"(1.201, 4.262]","(0.524, 2.809]","(1.201, 30.0]",*
1.4568827878038686,"(1.201, 4.262]","(0.524, 2.809]","(1.201, 30.0]",*
1.456979218052349,"(1.201, 4.262]","(0.524, 2.809]","(1.201, 30.0]",*
1.4635131130768926,"(1.201, 4.262]","(0.524, 2.809]","(1.201, 30.0]",*
1.464099206365888,"(1.201, 4.262]","(0.524, 2.809]","(1.201, 30.0]",*
1.4661121203094296,"(1.201, 4.262]","(0.524, 2.809]","(1.201, 30.0]",*
1.4678451703731588,"(1.201, 4.262]","(0.524, 2.809]","(1.201, 30.0]",*
1.47433842451847,"(1.201, 4.262]","(0.524, 2.809]","(1.201, 30.0]",*
1.475407379245152,"(1.201, 4.262]","(0.524, 2.809]","(1.201, 30.0]",*
1.4785823599670218,"(1.201, 4.262]","(0.524, 2.809]","(1.201, 30.0]",*
1.4876065367040963,"(1.201, 4.262]","(0.524, 2.809]","(1.201, 30.0]",*
1.5,"(1.201, 4.262]","(0.524, 2.809]","(1.201, 30.0]",*
1.5028308538965691,"(1.201, 4.262]","(0.524, 2.809]","(1.201, 30.0]",*
1.5037363211633126,"(1.201, 4.262]","(0.524, 2.809]","(1.201, 30.0]",*
1.504704083502137,"(1.201, 4.262]","(0.524, 2.809]","(1.201, 30.0]",*
1.5102822838198575,"(1.201, 4.262]","(0.524, 2.809]","(1.201, 30.0]",*
1.523195275484524,"(1.201, 4.262]","(0.524, 2.809]","(1.201, 30.0]",*
1.5242143572509828,"(1.201, 4.262]","(0.524, 2.809]","(1.201, 30.0]",*
1.5262303452361423,"(1.201, 4.262]","(0.524, 2.809]","(1.201, 30.0]",*
1.530501697072125,"(1.201, 4.262]","(0.524, 2.809]","(1.201, 30.0]",*
1.541521319066407,"(1.201, 4.262]","(0.524, 2.809]","(1.201, 30.0]",*
1.5442109058596185,"(1.201, 4.262]","(0.524, 2.809]","(1.201, 30.0]",*
1.545809389753983,"(1.201, 4.262]","(0.524, 2.809]","(1.201, 30.0]",*
1.5472536861087252,"(1.201, 4.262]","(0.524, 2.809]","(1.201, 30.0]",*
1.5599277295654081,"(1.201, 4.262]","(0.524, 2.809]","(1.201, 30.0]",*
1.5662077565698764,"(1.201, 4.262]","(0.524, 2.809]","(1.201, 30.0]",*
1.5835569405579022,"(1.201, 4.262]","(0.524, 2.809]","(1.201, 30.0]",*
1.5885954732445,"(1.201, 4.262]","(0.524, 2.809]","(1.201, 30.0]",*
1.5885987021440044,"(1.201, 4.262]","(0.524, 2.809]","(1.201, 30.0]",*
1.5886032762445454,"(1.201, 4.262]","(0.524, 2.809]","(1.201, 30.0]",*
1.591162840556919,"(1.201, 4.262]","(0.524, 2.809]","(1.201, 30.0]",*
1.5997511853399142,"(1.201, 4.262]","(0.524, 2.809]","(1.201, 30.0]",*
1.6000069502071999,"(1.201, 4.262]","(0.524, 2.809]","(1.201, 30.0]",*
1.6011226348616008,"(1.201, 4.262]","(0.524, 2.809]","(1.201, 30.0]",*
1.6053061437928546,"(1.201, 4.262]","(0.524, 2.809]","(1.201, 30.0]",*
1.6292601191155789,"(1.201, 4.262]","(0.524, 2.809]","(1.201, 30.0]",*
1.631417850231979,"(1.201, 4.262]","(0.524, 2.809]","(1.201, 30.0]",*
1.6462863805916266,"(1.201, 4.262]","(0.524, 2.809]","(1.201, 30.0]",*
1.6537404235494924,"(1.201, 4.262]","(0.524, 2.809]","(1.201, 30.0]",*
1.6554487773997764,"(1.201, 4.262]","(0.524, 2.809]","(1.201, 30.0]",*
1.655837248293432,"(1.201, 4.262]","(0.524, 2.809]","(1.201, 30.0]",*
1.657875499975333,"(1.201, 4.262]","(0.524, 2.809]","(1.201, 30.0]",*
1.6739540466153895,"(1.201, 4.262]","(0.524, 2.809]","(1.201, 30.0]",*
1.684608984499496,"(1.201, 4.262]","(0.524, 2.809]","(1.201, 30.0]",*
1.6908198054577426,"(1.201, 4.262]","(0.524, 2.809]","(1.201, 30.0]",*
1.7028328704664144,"(1.201, 4.262]","(0.524, 2.809]","(1.201, 30.0]",*
1.710406193093777,"(1.201, 4.262]","(0.524, 2.809]","(1.201, 30.0]",*
1.7153285036507757,"(1.201, 4.262]","(0.524, 2.809]","(1.201, 30.0]",*
1.7199516894011233,"(1.201, 4.262]","(0.524, 2.809]","(1.201, 30.0]",*
1.7269320984464276,"(1.201, 4.262]","(0.524, 2.809]","(1.201, 30.0]",*
1.743276468153515,"(1.201, 4.262]","(0.524, 2.809]","(1.201, 30.0]",*
1.7626664936602883,"(1.201, 4.262]","(0.524, 2.809]","(1.201, 30.0]",*
1.7750979597710201,"(1.201, 4.262]","(0.524, 2.809]","(1.201, 30.0]",*
1.7789748501490252,"(1.201, 4.262]","(0.524, 2.809]","(1.201, 30.0]",*
1.7872913329830735,"(1.201, 4.262]","(0.524, 2.809]","(1.201, 30.0]",*
1.7968838316545315,"(1.201, 4.262]","(0.524, 2.809]","(1.201, 30.0]",*
1.7992779841456905,"(1.201, 4.262]","(0.524, 2.809]","(1.201, 30.0]",*
1.7999860995856003,"(1.201, 4.262]","(0.524, 2.809]","(1.201, 30.0]",*
1.81532959025747,"(1.201, 4.262]","(0.524, 2.809]","(1.201, 30.0]",*
1.819426380205727,"(1.201, 4.262]","(0.524, 2.809]","(1.201, 30.0]",*
1.8196947227642934,"(1.201, 4.262]","(0.524, 2.809]","(1.201, 30.0]",*
1.8207939315227892,"(1.201, 4.262]","(0.524, 2.809]","(1.201, 30.0]",*
1.821972970358717,"(1.201, 4.262]","(0.524, 2.809]","(1.201, 30.0]",*
1.8252091865703175,"(1.201, 4.262]","(0.524, 2.809]","(1.201, 30.0]",*
1.8362897277565458,"(1.201, 4.262]","(0.524, 2.809]","(1.201, 30.0]",*
1.8499454825178558,"(1.201, 4.262]","(0.524, 2.809]","(1.201, 30.0]",*
1.8644352044992907,"(1.201, 4.262]","(0.524, 2.809]","(1.201, 30.0]",*
1.8650607917381734,"(1.201, 4.262]","(0.524, 2.809]","(1.201, 30.0]",*
1.8655007370735028,"(1.201, 4.262]","(0.524, 2.809]","(1.201, 30.0]",*
1.8869455307734462,"(1.201, 4.262]","(0.524, 2.809]","(1.201, 30.0]",*
1.8903697526049874,"(1.201, 4.262]","(0.524, 2.809]","(1.201, 30.0]",*
1.890802367311396,"(1.201, 4.262]","(0.524, 2.809]","(1.201, 30.0]",*
1.8910629142342126,"(1.201, 4.262]","(0.524, 2.809]","(1.201, 30.0]",*
1.891531678902731,"(1.201, 4.262]","(0.524, 2.809]","(1.201, 30.0]",*
1.8931456364263495,"(1.201, 4.262]","(0.524, 2.809]","(1.201, 30.0]",*
1.906555499221179,"(1.201, 4.262]","(0.524, 2.809]","(1.201, 30.0]",*
1.9147278853501395,"(1.201, 4.262]","(0.524, 2.809]","(1.201, 30.0]",*
1.919373918070242,"(1.201, 4.262]","(0.524, 2.809]","(1.201, 30.0]",*
1.934235299191903,"(1.201, 4.262]","(0.524, 2.809]","(1.201, 30.0]",*
1.9503792906774429,"(1.201, 4.262]","(0.524, 2.809]","(1.201, 30.0]",*
1.9549217159697105,"(1.201, 4.262]","(0.524, 2.809]","(1.201, 30.0]",*
1.9571926512375002,"(1.201, 4.262]","(0.524, 2.809]","(1.201, 30.0]",*
1.9584668214173795,"(1.201, 4.262]","(0.524, 2.809]","(1.201, 30.0]",*
1.975964592406547,"(1.201, 4.262]","(0.524, 2.809]","(1.201, 30.0]",*
2.0,"(1.201, 4.262]","(0.524, 2.809]","(1.201, 30.0]",*
2.0020411542938197,"(1.201, 4.262]","(0.524, 2.809]","(1.201, 30.0]",*
2.0068326776800554,"(1.201, 4.262]","(0.524, 2.809]","(1.201, 30.0]",*
2.009688170796796,"(1.201, 4.262]","(0.524, 2.809]","(1.201, 30.0]",*
2.018042627413341,"(1.201, 4.262]","(0.524, 2.809]","(1.201, 30.0]",*
2.018684130736373,"(1.201, 4.262]","(0.524, 2.809]","(1.201, 30.0]",*
2.020458189453423,"(1.201, 4.262]","(0.524, 2.809]","(1.201, 30.0]",*
2.024130862025646,"(1.201, 4.262]","(0.524, 2.809]","(1.201, 30.0]",*
2.0399031270500836,"(1.201, 4.262]","(0.524, 2.809]","(1.201, 30.0]",*
2.044077387290207,"(1.201, 4.262]","(0.524, 2.809]","(1.201, 30.0]",*
2.0564968582143974,"(1.201, 4.262]","(0.524, 2.809]","(1.201, 30.0]",*
2.058922822475911,"(1.201, 4.262]","(0.524, 2.809]","(1.201, 30.0]",*
2.0660782677091563,"(1.201, 4.262]","(0.524, 2.809]","(1.201, 30.0]",*
2.076033044267545,"(1.201, 4.262]","(0.524, 2.809]","(1.201, 30.0]",*
2.086253907972277,"(1.201, 4.262]","(0.524, 2.809]","(1.201, 30.0]",*
2.090991725174962,"(1.201, 4.262]","(0.524, 2.809]","(1.201, 30.0]",*
2.1206569911861197,"(1.201, 4.262]","(0.524, 2.809]","(1.201, 30.0]",*
2.121166549981663,"(1.201, 4.262]","(0.524, 2.809]","(1.201, 30.0]",*
2.124578440449741,"(1.201, 4.262]","(0.524, 2.809]","(1.201, 30.0]",*
2.1304819339836847,"(1.201, 4.262]","(0.524, 2.809]","(1.201, 30.0]",*
2.1347514511824417,"(1.201, 4.262]","(0.524, 2.809]","(1.201, 30.0]",*
2.135350202822969,"(1.201, 4.262]","(0.524, 2.809]","(1.201, 30.0]",*
2.136620798257743,"(1.201, 4.262]","(0.524, 2.809]","(1.201, 30.0]",*
2.1578247458175763,"(1.201, 4.262]","(0.524, 2.809]","(1.201, 30.0]",*
2.160394211526519,"(1.201, 4.262]","(0.524, 2.809]","(1.201, 30.0]",*
2.1767830926317364,"(1.201, 4.262]","(0.524, 2.809]","(1.201, 30.0]",*
2.179455717203186,"(1.201, 4.262]","(0.524, 2.809]","(1.201, 30.0]",*
2.1830215447753236,"(1.201, 4.262]","(0.524, 2.809]","(1.201, 30.0]",*
2.192742396723373,"(1.201, 4.262]","(0.524, 2.809]","(1.201, 30.0]",*
2.2007336447812613,"(1.201, 4.262]","(0.524, 2.809]","(1.201, 30.0]",*
2.209821889666982,"(1.201, 4.262]","(0.524, 2.809]","(1.201, 30.0]",*
2.2109836309233373,"(1.201, 4.262]","(0.524, 2.809]","(1.201, 30.0]",*
2.215416574652732,"(1.201, 4.262]","(0.524, 2.809]","(1.201, 30.0]",*
2.215769018729926,"(1.201, 4.262]","(0.524, 2.809]","(1.201, 30.0]",*
2.2193470697074167,"(1.201, 4.262]","(0.524, 2.809]","(1.201, 30.0]",*
2.2259243815124687,"(1.201, 4.262]","(0.524, 2.809]","(1.201, 30.0]",*
2.2330755499301045,"(1.201, 4.262]","(0.524, 2.809]","(1.201, 30.0]",*
2.2564192013893334,"(1.201, 4.262]","(0.524, 2.809]","(1.201, 30.0]",*
2.2683062435353096,"(1.201, 4.262]","(0.524, 2.809]","(1.201, 30.0]",*
2.2857563463655595,"(1.201, 4.262]","(0.524, 2.809]","(1.201, 30.0]",*
2.3052016560068713,"(1.201, 4.262]","(0.524, 2.809]","(1.201, 30.0]",*
2.311860220682189,"(1.201, 4.262]","(0.524, 2.809]","(1.201, 30.0]",*
2.3121724952998726,"(1.201, 4.262]","(0.524, 2.809]","(1.201, 30.0]",*
2.318213144075443,"(1.201, 4.262]","(0.524, 2.809]","(1.201, 30.0]",*
2.3194553088072203,"(1.201, 4.262]","(0.524, 2.809]","(1.201, 30.0]",*
2.3493090468045783,"(1.201, 4.262]","(0.524, 2.809]","(1.201, 30.0]",*
2.3626264678650775,"(1.201, 4.262]","(0.524, 2.809]","(1.201, 30.0]",*
2.3666183331583923,"(1.201, 4.262]","(0.524, 2.809]","(1.201, 30.0]",*
2.3676986753480853,"(1.201, 4.262]","(0.524, 2.809]","(1.201, 30.0]",*
2.3981961494370223,"(1.201, 4.262]","(0.524, 2.809]","(1.201, 30.0]",*
2.4522940430878353,"(1.201, 4.262]","(0.524, 2.809]","(1.201, 30.0]",*
2.488806743783157,"(1.201, 4.262]","(0.524, 2.809]","(1.201, 30.0]",*
2.498508834126479,"(1.201, 4.262]","(0.524, 2.809]","(1.201, 30.0]",*
2.5028646742995027,"(1.201, 4.262]","(0.524, 2.809]","(1.201, 30.0]",*
2.5148999194206,"(1.201, 4.262]","(0.524, 2.809]","(1.201, 30.0]",*
2.5212855976062976,"(1.201, 4.262]","(0.524, 2.809]","(1.201, 30.0]",*
2.5234203893567986,"(1.201, 4.262]","(0.524, 2.809]","(1.201, 30.0]",*
2.5385153291864087,"(1.201, 4.262]","(0.524, 2.809]","(1.201, 30.0]",*
2.546986891052093,"(1.201, 4.262]","(0.524, 2.809]","(1.201, 30.0]",*
2.5531434794330803,"(1.201, 4.262]","(0.524, 2.809]","(1.201, 30.0]",*
2.5631942903761544,"(1.201, 4.262]","(0.524, 2.809]","(1.201, 30.0]",*
2.5645575503389644,"(1.201, 4.262]","(0.524, 2.809]","(1.201, 30.0]",*
2.5880946069226773,"(1.201, 4.262]","(0.524, 2.809]","(1.201, 30.0]",*
2.588338739708416,"(1.201, 4.262]","(0.524, 2.809]","(1.201, 30.0]",*
2.5996043712559134,"(1.201, 4.262]","(0.524, 2.809]","(1.201, 30.0]",*
2.602376662810247,"(1.201, 4.262]","(0.524, 2.809]","(1.201, 30.0]",*
2.612940852640279,"(1.201, 4.262]","(0.524, 2.809]","(1.201, 30.0]",*
2.6255008275297422,"(1.201, 4.262]","(0.524, 2.809]","(1.201, 30.0]",*
2.6296478476295873,"(1.201, 4.262]","(0.524, 2.809]","(1.201, 30.0]",*
2.6345038937365897,"(1.201, 4.262]","(0.524, 2.809]","(1.201, 30.0]",*
2.6723186506539722,"(1.201, 4.262]","(0.524, 2.809]","(1.201, 30.0]",*
2.6944903299632985,"(1.201, 4.262]","(0.524, 2.809]","(1.201, 30.0]",*
2.7263640331564947,"(1.201, 4.262]","(0.524, 2.809]","(1.201, 30.0]",*
2.726531155238215,"(1.201, 4.262]","(0.524, 2.809]","(1.201, 30.0]",*
2.7586860176277606,"(1.201, 4.262]","(0.524, 2.809]","(1.201, 30.0]",*
2.7625482772086585,"(1.201, 4.262]","(0.524, 2.809]","(1.201, 30.0]",*
2.764658415517484,"(1.201, 4.262]","(0.524, 2.809]","(1.201, 30.0]",*
2.773864308115253,"(1.201, 4.262]","(0.524, 2.809]","(1.201, 30.0]",*
2.7772620973698103,"(1.201, 4.262]","(0.524, 2.809]","(1.201, 30.0]",*
2.782501782555429,"(1.201, 4.262]","(0.524, 2.809]","(1.201, 30.0]",*
2.788872777719464,"(1.201, 4.262]","(0.524, 2.809]","(1.201, 30.0]",*
2.8013442118123733,"(1.201, 4.262]","(0.524, 2.809]","(1.201, 30.0]",*
2.80429576172852,"(1.201, 4.262]","(0.524, 2.809]","(1.201, 30.0]",*
2.8075802688587874,"(1.201, 4.262]","(0.524, 2.809]","(1.201, 30.0]",*
2.81262481107545,"(1.201, 4.262]","(2.809, 30.0]","(1.201, 30.0]",*
2.8152997034652096,"(1.201, 4.262]","(2.809, 30.0]","(1.201, 30.0]",*
2.822254453313671,"(1.201, 4.262]","(2.809, 30.0]","(1.201, 30.0]",*
2.831403188074063,"(1.201, 4.262]","(2.809, 30.0]","(1.201, 30.0]",*
2.8323592527526906,"(1.201, 4.262]","(2.809, 30.0]","(1.201, 30.0]",*
2.834056504687608,"(1.201, 4.262]","(2.809, 30.0]","(1.201, 30.0]",*
2.843217619941636,"(1.201, 4.262]","(2.809, 30.0]","(1.201, 30.0]",*
2.8600854291263804,"(1.201, 4.262]","(2.809, 30.0]","(1.201, 30.0]",*
2.866432045532937,"(1.201, 4.262]","(2.809, 30.0]","(1.201, 30.0]",*
2.8745729576449968,"(1.201, 4.262]","(2.809, 30.0]","(1.201, 30.0]",*
2.878869741777471,"(1.201, 4.262]","(2.809, 30.0]","(1.201, 30.0]",*
2.882592016365434,"(1.201, 4.262]","(2.809, 30.0]","(1.201, 30.0]",*
2.8979738671547777,"(1.201, 4.262]","(2.809, 30.0]","(1.201, 30.0]",*
2.9187584670693907,"(1.201, 4.262]","(2.809, 30.0]","(1.201, 30.0]",*
2.9265645150086574,"(1.201, 4.262]","(2.809, 30.0]","(1.201, 30.0]",*
2.9324854192333403,"(1.201, 4.262]","(2.809, 30.0]","(1.201, 30.0]",*
2.932749813002336,"(1.201, 4.262]","(2.809, 30.0]","(1.201, 30.0]",*
2.9335552294676455,"(1.201, 4.262]","(2.809, 30.0]","(1.201, 30.0]",*
2.9410109664826063,"(1.201, 4.262]","(2.809, 30.0]","(1.201, 30.0]",*
2.9695470350583997,"(1.201, 4.262]","(2.809, 30.0]","(1.201, 30.0]",*
2.9717175309217545,"(1.201, 4.262]","(2.809, 30.0]","(1.201, 30.0]",*
2.9722797795403775,"(1.201, 4.262]","(2.809, 30.0]","(1.201, 30.0]",*
2.9742674470317683,"(1.201, 4.262]","(2.809, 30.0]","(1.201, 30.0]",*
2.9888413530448203,"(1.201, 4.262]","(2.809, 30.0]","(1.201, 30.0]",*
2.9923963988886326,"(1.201, 4.262]","(2.809, 30.0]","(1.201, 30.0]",*
3.0,"(1.201, 4.262]","(2.809, 30.0]","(1.201, 30.0]",*
3.0121443191052792,"(1.201, 4.262]","(2.809, 30.0]","(1.201, 30.0]",*
3.016256737442814,"(1.201, 4.262]","(2.809, 30.0]","(1.201, 30.0]",*
3.028983157809887,"(1.201, 4.262]","(2.809, 30.0]","(1.201, 30.0]",*
3.0322701768305453,"(1.201, 4.262]","(2.809, 30.0]","(1.201, 30.0]",*
3.0451233415143655,"(1.201, 4.262]","(2.809, 30.0]","(1.201, 30.0]",*
3.048125523167264,"(1.201, 4.262]","(2.809, 30.0]","(1.201, 30.0]",*
3.055670352125807,"(1.201, 4.262]","(2.809, 30.0]","(1.201, 30.0]",*
3.059641239993459,"(1.201, 4.262]","(2.809, 30.0]","(1.201, 30.0]",*
3.069741979667077,"(1.201, 4.262]","(2.809, 30.0]","(1.201, 30.0]",*
3.0787156982594013,"(1.201, 4.262]","(2.809, 30.0]","(1.201, 30.0]",*
3.0895253748483436,"(1.201, 4.262]","(2.809, 30.0]","(1.201, 30.0]",*
3.098177499321361,"(1.201, 4.262]","(2.809, 30.0]","(1.201, 30.0]",*
3.103328706959658,"(1.201, 4.262]","(2.809, 30.0]","(1.201, 30.0]",*
3.112678151484421,"(1.201, 4.262]","(2.809, 30.0]","(1.201, 30.0]",*
3.1253904594085498,"(1.201, 4.262]","(2.809, 30.0]","(1.201, 30.0]",*
3.1449092179557434,"(1.201, 4.262]","(2.809, 30.0]","(1.201, 30.0]",*
3.148263348548304,"(1.201, 4.262]","(2.809, 30.0]","(1.201, 30.0]",*
3.1818038493846124,"(1.201, 4.262]","(2.809, 30.0]","(1.201, 30.0]",*
3.186419958754292,"(1.201, 4.262]","(2.809, 30.0]","(1.201, 30.0]",*
3.1995023706798285,"(1.201, 4.262]","(2.809, 30.0]","(1.201, 30.0]",*
3.2081636598673784,"(1.201, 4.262]","(2.809, 30.0]","(1.201, 30.0]",*
3.2334427535407713,"(1.201, 4.262]","(2.809, 30.0]","(1.201, 30.0]",*
3.262835700463958,"(1.201, 4.262]","(2.809, 30.0]","(1.201, 30.0]",*
3.262965598582255,"(1.201, 4.262]","(2.809, 30.0]","(1.201, 30.0]",*
3.2649752695159657,"(1.201, 4.262]","(2.809, 30.0]","(1.201, 30.0]",*
3.290979312303503,"(1.201, 4.262]","(2.809, 30.0]","(1.201, 30.0]",*
3.311742245508329,"(1.201, 4.262]","(2.809, 30.0]","(1.201, 30.0]",*
3.340004270059301,"(1.201, 4.262]","(2.809, 30.0]","(1.201, 30.0]",*
3.3441622760623737,"(1.201, 4.262]","(2.809, 30.0]","(1.201, 30.0]",*
3.3471720808228813,"(1.201, 4.262]","(2.809, 30.0]","(1.201, 30.0]",*
3.4150019727308285,"(1.201, 4.262]","(2.809, 30.0]","(1.201, 30.0]",*
3.423570452257305,"(1.201, 4.262]","(2.809, 30.0]","(1.201, 30.0]",*
3.4306570073015514,"(1.201, 4.262]","(2.809, 30.0]","(1.201, 30.0]",*
3.431488097043168,"(1.201, 4.262]","(2.809, 30.0]","(1.201, 30.0]",*
3.4420952286529802,"(1.201, 4.262]","(2.809, 30.0]","(1.201, 30.0]",*
3.4526739000542674,"(1.201, 4.262]","(2.809, 30.0]","(1.201, 30.0]",*
3.472289570752473,"(1.201, 4.262]","(2.809, 30.0]","(1.201, 30.0]",*
3.4795477812563362,"(1.201, 4.262]","(2.809, 30.0]","(1.201, 30.0]",*
3.4919195723017302,"(1.201, 4.262]","(2.809, 30.0]","(1.201, 30.0]",*
3.5,"(1.201, 4.262]","(2.809, 30.0]","(1.201, 30.0]",*
3.5326279054919407,"(1.201, 4.262]","(2.809, 30.0]","(1.201, 30.0]",*
3.5373556268531514,"(1.201, 4.262]","(2.809, 30.0]","(1.201, 30.0]",*
3.5459049919421095,"(1.201, 4.262]","(2.809, 30.0]","(1.201, 30.0]",*
3.5590915901891,"(1.201, 4.262]","(2.809, 30.0]","(1.201, 30.0]",*
3.5829569170062365,"(1.201, 4.262]","(2.809, 30.0]","(1.201, 30.0]",*
3.6120195113411695,"(1.201, 4.262]","(2.809, 30.0]","(1.201, 30.0]",*
3.6238899909592037,"(1.201, 4.262]","(2.809, 30.0]","(1.201, 30.0]",*
3.644541263930587,"(1.201, 4.262]","(2.809, 30.0]","(1.201, 30.0]",*
3.7435964370361985,"(1.201, 4.262]","(2.809, 30.0]","(1.201, 30.0]",*
3.7518681605816564,"(1.201, 4.262]","(2.809, 30.0]","(1.201, 30.0]",*
3.78485617627285,"(1.201, 4.262]","(2.809, 30.0]","(1.201, 30.0]",*
3.7903377210381817,"(1.201, 4.262]","(2.809, 30.0]","(1.201, 30.0]",*
3.7917046874829197,"(1.201, 4.262]","(2.809, 30.0]","(1.201, 30.0]",*
3.801533017551311,"(1.201, 4.262]","(2.809, 30.0]","(1.201, 30.0]",*
3.813818293646639,"(1.201, 4.262]","(2.809, 30.0]","(1.201, 30.0]",*
3.8338770387364063,"(1.201, 4.262]","(2.809, 30.0]","(1.201, 30.0]",*
3.8533165276228805,"(1.201, 4.262]","(2.809, 30.0]","(1.201, 30.0]",*
3.8747075910113953,"(1.201, 4.262]","(2.809, 30.0]","(1.201, 30.0]",*
3.8778320096543473,"(1.201, 4.262]","(2.809, 30.0]","(1.201, 30.0]",*
3.889544699391016,"(1.201, 4.262]","(2.809, 30.0]","(1.201, 30.0]",*
4.0,"(1.201, 4.262]","(2.809, 30.0]","(1.201, 30.0]",*
4.010744599765484,"(1.201, 4.262]","(2.809, 30.0]","(1.201, 30.0]",*
4.048138169046021,"(1.201, 4.262]","(2.809, 30.0]","(1.201, 30.0]",*
4.051902167601208,"(1.201, 4.262]","(2.809, 30.0]","(1.201, 30.0]",*
4.052456712772262,"(1.201, 4.262]","(2.809, 30.0]","(1.201, 30.0]",*
4.083600818929607,"(1.201, 4.262]","(2.809, 30.0]","(1.201, 30.0]",*
4.10090023645429,"(1.201, 4.262]","(2.809, 30.0]","(1.201, 30.0]",*
4.109306081051145,"(1.201, 4.262]","(2.809, 30.0]","(1.201, 30.0]",*
4.111240803537596,"(1.201, 4.262]","(2.809, 30.0]","(1.201, 30.0]",*
4.126630970129855,"(1.201, 4.262]","(2.809, 30.0]","(1.201, 30.0]",*
4.176529217510437,"(1.201, 4.262]","(2.809, 30.0]","(1.201, 30.0]",*
4.19738518659922,"(1.201, 4.262]","(2.809, 30.0]","(1.201, 30.0]",*
4.252782698732499,"(1.201, 4.262]","(2.809, 30.0]","(1.201, 30.0]",*
4.2720539738203165,"(4.262, 30.0]","(2.809, 30.0]","(1.201, 30.0]",*
4.288253233735744,"(4.262, 30.0]","(2.809, 30.0]","(1.201, 30.0]",*
4.322599257075514,"(4.262, 30.0]","(2.809, 30.0]","(1.201, 30.0]",*
4.33427423985679,"(4.262, 30.0]","(2.809, 30.0]","(1.201, 30.0]",*
4.335554628907481,"(4.262, 30.0]","(2.809, 30.0]","(1.201, 30.0]",*
4.336193574624031,"(4.262, 30.0]","(2.809, 30.0]","(1.201, 30.0]",*
4.343406274100822,"(4.262, 30.0]","(2.809, 30.0]","(1.201, 30.0]",*
4.355716003808167,"(4.262, 30.0]","(2.809, 30.0]","(1.201, 30.0]",*
4.408475957799181,"(4.262, 30.0]","(2.809, 30.0]","(1.201, 30.0]",*
4.412213418398499,"(4.262, 30.0]","(2.809, 30.0]","(1.201, 30.0]",*
4.412340720189834,"(4.262, 30.0]","(2.809, 30.0]","(1.201, 30.0]",*
4.460244059033539,"(4.262, 30.0]","(2.809, 30.0]","(1.201, 30.0]",*
4.4818374086674115,"(4.262, 30.0]","(2.809, 30.0]","(1.201, 30.0]",*
4.49322998754303,"(4.262, 30.0]","(2.809, 30.0]","(1.201, 30.0]",*
4.495019022916348,"(4.262, 30.0]","(2.809, 30.0]","(1.201, 30.0]",*
4.5,"(4.262, 30.0]","(2.809, 30.0]","(1.201, 30.0]",*
4.540093212511701,"(4.262, 30.0]","(2.809, 30.0]","(1.201, 30.0]",*
4.621911293312458,"(4.262, 30.0]","(2.809, 30.0]","(1.201, 30.0]",*
4.624456343290048,"(4.262, 30.0]","(2.809, 30.0]","(1.201, 30.0]",*
4.635374873650953,"(4.262, 30.0]","(2.809, 30.0]","(1.201, 30.0]",*
4.644632836696896,"(4.262, 30.0]","(2.809, 30.0]","(1.201, 30.0]",*
4.68255990662408,"(4.262, 30.0]","(2.809, 30.0]","(1.201, 30.0]",*
4.697891986746068,"(4.262, 30.0]","(2.809, 30.0]","(1.201, 30.0]",*
4.707928670200106,"(4.262, 30.0]","(2.809, 30.0]","(1.201, 30.0]",*
4.719187065344091,"(4.262, 30.0]","(2.809, 30.0]","(1.201, 30.0]",*
4.719517825627078,"(4.262, 30.0]","(2.809, 30.0]","(1.201, 30.0]",*
4.741882806303609,"(4.262, 30.0]","(2.809, 30.0]","(1.201, 30.0]",*
4.744178935516075,"(4.262, 30.0]","(2.809, 30.0]","(1.201, 30.0]",*
4.747722129285694,"(4.262, 30.0]","(2.809, 30.0]","(1.201, 30.0]",*
4.7647720054983065,"(4.262, 30.0]","(2.809, 30.0]","(1.201, 30.0]",*
4.773513588458803,"(4.262, 30.0]","(2.809, 30.0]","(1.201, 30.0]",*
4.788281003475382,"(4.262, 30.0]","(2.809, 30.0]","(1.201, 30.0]",*
4.80150326905173,"(4.262, 30.0]","(2.809, 30.0]","(1.201, 30.0]",*
4.80227077264343,"(4.262, 30.0]","(2.809, 30.0]","(1.201, 30.0]",*
4.82163649046597,"(4.262, 30.0]","(2.809, 30.0]","(1.201, 30.0]",*
4.864427145262216,"(4.262, 30.0]","(2.809, 30.0]","(1.201, 30.0]",*
4.88681017453544,"(4.262, 30.0]","(2.809, 30.0]","(1.201, 30.0]",*
4.89456461390648,"(4.262, 30.0]","(2.809, 30.0]","(1.201, 30.0]",*
4.921768706267177,"(4.262, 30.0]","(2.809, 30.0]","(1.201, 30.0]",*
4.922185748819743,"(4.262, 30.0]","(2.809, 30.0]","(1.201, 30.0]",*
4.929592259505428,"(4.262, 30.0]","(2.809, 30.0]","(1.201, 30.0]",*
4.937353795505698,"(4.262, 30.0]","(2.809, 30.0]","(1.201, 30.0]",*
4.954166040059139,"(4.262, 30.0]","(2.809, 30.0]","(1.201, 30.0]",*
4.984869060362573,"(4.262, 30.0]","(2.809, 30.0]","(1.201, 30.0]",*
4.998914921709002,"(4.262, 30.0]","(2.809, 30.0]","(1.201, 30.0]",*
5.0,"(4.262, 30.0]","(2.809, 30.0]","(1.201, 30.0]",*
5.0918439975397565,"(4.262, 30.0]","(2.809, 30.0]","(1.201, 30.0]",*
5.179585897701104,"(4.262, 30.0]","(2.809, 30.0]","(1.201, 30.0]",*
5.192073609089606,"(4.262, 30.0]","(2.809, 30.0]","(1.201, 30.0]",*
5.210301487850051,"(4.262, 30.0]","(2.809, 30.0]","(1.201, 30.0]",*
5.26278579528743,"(4.262, 30.0]","(2.809, 30.0]","(1.201, 30.0]",*
5.30502816908829,"(4.262, 30.0]","(2.809, 30.0]","(1.201, 30.0]",*
5.3075082600975785,"(4.262, 30.0]","(2.809, 30.0]","(1.201, 30.0]",*
5.311711217911276,"(4.262, 30.0]","(2.809, 30.0]","(1.201, 30.0]",*
5.3120259576575135,"(4.262, 30.0]","(2.809, 30.0]","(1.201, 30.0]",*
5.327416423696047,"(4.262, 30.0]","(2.809, 30.0]","(1.201, 30.0]",*
5.367740632753799,"(4.262, 30.0]","(2.809, 30.0]","(1.201, 30.0]",*
5.389808925972352,"(4.262, 30.0]","(2.809, 30.0]","(1.201, 30.0]",*
5.397559409664607,"(4.262, 30.0]","(2.809, 30.0]","(1.201, 30.0]",*
5.398778767429537,"(4.262, 30.0]","(2.809, 30.0]","(1.201, 30.0]",*
5.440625341531985,"(4.262, 30.0]","(2.809, 30.0]","(1.201, 30.0]",*
5.478909649665743,"(4.262, 30.0]","(2.809, 30.0]","(1.201, 30.0]",*
5.497588334844455,"(4.262, 30.0]","(2.809, 30.0]","(1.201, 30.0]",*
5.516405133378928,"(4.262, 30.0]","(2.809, 30.0]","(1.201, 30.0]",*
5.557364251873884,"(4.262, 30.0]","(2.809, 30.0]","(1.201, 30.0]",*
5.579474790038202,"(4.262, 30.0]","(2.809, 30.0]","(1.201, 30.0]",*
5.5808458959639236,"(4.262, 30.0]","(2.809, 30.0]","(1.201, 30.0]",*
5.615217765066836,"(4.262, 30.0]","(2.809, 30.0]","(1.201, 30.0]",*
5.659245885358464,"(4.262, 30.0]","(2.809, 30.0]","(1.201, 30.0]",*
5.672968638819236,"(4.262, 30.0]","(2.809, 30.0]","(1.201, 30.0]",*
5.692679356895,"(4.262, 30.0]","(2.809, 30.0]","(1.201, 30.0]",*
5.709854198380622,"(4.262, 30.0]","(2.809, 30.0]","(1.201, 30.0]",*
5.7151740090177725,"(4.262, 30.0]","(2.809, 30.0]","(1.201, 30.0]",*
5.7232194887792005,"(4.262, 30.0]","(2.809, 30.0]","(1.201, 30.0]",*
5.755342420038984,"(4.262, 30.0]","(2.809, 30.0]","(1.201, 30.0]",*
5.764700181643979,"(4.262, 30.0]","(2.809, 30.0]","(1.201, 30.0]",*
5.795983612635079,"(4.262, 30.0]","(2.809, 30.0]","(1.201, 30.0]",*
5.821420098576604,"(4.262, 30.0]","(2.809, 30.0]","(1.201, 30.0]",*
5.8307450018581015,"(4.262, 30.0]","(2.809, 30.0]","(1.201, 30.0]",*
5.840955834826488,"(4.262, 30.0]","(2.809, 30.0]","(1.201, 30.0]",*
5.848137175245466,"(4.262, 30.0]","(2.809, 30.0]","(1.201, 30.0]",*
5.90854614446373,"(4.262, 30.0]","(2.809, 30.0]","(1.201, 30.0]",*
5.911850556303596,"(4.262, 30.0]","(2.809, 30.0]","(1.201, 30.0]",*
5.932288846624816,"(4.262, 30.0]","(2.809, 30.0]","(1.201, 30.0]",*
5.951590536319273,"(4.262, 30.0]","(2.809, 30.0]","(1.201, 30.0]",*
5.971147377967146,"(4.262, 30.0]","(2.809, 30.0]","(1.201, 30.0]",*
5.979096443164793,"(4.262, 30.0]","(2.809, 30.0]","(1.201, 30.0]",*
6.0,"(4.262, 30.0]","(2.809, 30.0]","(1.201, 30.0]",*
6.01233254201683,"(4.262, 30.0]","(2.809, 30.0]","(1.201, 30.0]",*
6.021394342951291,"(4.262, 30.0]","(2.809, 30.0]","(1.201, 30.0]",*
6.051424537108726,"(4.262, 30.0]","(2.809, 30.0]","(1.201, 30.0]",*
6.0767340181105,"(4.262, 30.0]","(2.809, 30.0]","(1.201, 30.0]",*
6.104274642924685,"(4.262, 30.0]","(2.809, 30.0]","(1.201, 30.0]",*
6.184881923792982,"(4.262, 30.0]","(2.809, 30.0]","(1.201, 30.0]",*
6.291472007821113,"(4.262, 30.0]","(2.809, 30.0]","(1.201, 30.0]",*
6.388237012266754,"(4.262, 30.0]","(2.809, 30.0]","(1.201, 30.0]",*
6.399397282033847,"(4.262, 30.0]","(2.809, 30.0]","(1.201, 30.0]",*
6.429882033772248,"(4.262, 30.0]","(2.809, 30.0]","(1.201, 30.0]",*
6.440050417131358,"(4.262, 30.0]","(2.809, 30.0]","(1.201, 30.0]",*
6.485708084141773,"(4.262, 30.0]","(2.809, 30.0]","(1.201, 30.0]",*
6.5,"(4.262, 30.0]","(2.809, 30.0]","(1.201, 30.0]",*
6.512959796049395,"(4.262, 30.0]","(2.809, 30.0]","(1.201, 30.0]",*
6.517473920673511,"(4.262, 30.0]","(2.809, 30.0]","(1.201, 30.0]",*
6.532775805962933,"(4.262, 30.0]","(2.809, 30.0]","(1.201, 30.0]",*
6.538811032678904,"(4.262, 30.0]","(2.809, 30.0]","(1.201, 30.0]",*
6.563944968519014,"(4.262, 30.0]","(2.809, 30.0]","(1.201, 30.0]",*
6.629615339525946,"(4.262, 30.0]","(2.809, 30.0]","(1.201, 30.0]",*
6.6562570615803445,"(4.262, 30.0]","(2.809, 30.0]","(1.201, 30.0]",*
6.66854847971358,"(4.262, 30.0]","(2.809, 30.0]","(1.201, 30.0]",*
6.688183442678694,"(4.262, 30.0]","(2.809, 30.0]","(1.201, 30.0]",*
6.702950219590755,"(4.262, 30.0]","(2.809, 30.0]","(1.201, 30.0]",*
6.722795984428811,"(4.262, 30.0]","(2.809, 30.0]","(1.201, 30.0]",*
6.723597045541627,"(4.262, 30.0]","(2.809, 30.0]","(1.201, 30.0]",*
6.820626104446907,"(4.262, 30.0]","(2.809, 30.0]","(1.201, 30.0]",*
6.845287923392699,"(4.262, 30.0]","(2.809, 30.0]","(1.201, 30.0]",*
6.877996033339383,"(4.262, 30.0]","(2.809, 30.0]","(1.201, 30.0]",*
6.895225952182651,"(4.262, 30.0]","(2.809, 30.0]","(1.201, 30.0]",*
6.924659404673896,"(4.262, 30.0]","(2.809, 30.0]","(1.201, 30.0]",*
6.954179693240922,"(4.262, 30.0]","(2.809, 30.0]","(1.201, 30.0]",*
6.9911726877029645,"(4.262, 30.0]","(2.809, 30.0]","(1.201, 30.0]",*
7.0,"(4.262, 30.0]","(2.809, 30.0]","(1.201, 30.0]",*
7.008141545949051,"(4.262, 30.0]","(2.809, 30.0]","(1.201, 30.0]",*
7.012727768262497,"(4.262, 30.0]","(2.809, 30.0]","(1.201, 30.0]",*
7.045723106818627,"(4.262, 30.0]","(2.809, 30.0]","(1.201, 30.0]",*
7.059413313810811,"(4.262, 30.0]","(2.809, 30.0]","(1.201, 30.0]",*
7.088485509987223,"(4.262, 30.0]","(2.809, 30.0]","(1.201, 30.0]",*
7.115735767542294,"(4.262, 30.0]","(2.809, 30.0]","(1.201, 30.0]",*
7.197362581993618,"(4.262, 30.0]","(2.809, 30.0]","(1.201, 30.0]",*
7.202559066642337,"(4.262, 30.0]","(2.809, 30.0]","(1.201, 30.0]",*
7.2631746189117,"(4.262, 30.0]","(2.809, 30.0]","(1.201, 30.0]",*
7.2645796518436425,"(4.262, 30.0]","(2.809, 30.0]","(1.201, 30.0]",*
7.297642560002773,"(4.262, 30.0]","(2.809, 30.0]","(1.201, 30.0]",*
7.3069860559626125,"(4.262, 30.0]","(2.809, 30.0]","(1.201, 30.0]",*
7.318347180031951,"(4.262, 30.0]","(2.809, 30.0]","(1.201, 30.0]",*
7.33868156143545,"(4.262, 30.0]","(2.809, 30.0]","(1.201, 30.0]",*
7.344127376790906,"(4.262, 30.0]","(2.809, 30.0]","(1.201, 30.0]",*
7.380732177100618,"(4.262, 30.0]","(2.809, 30.0]","(1.201, 30.0]",*
7.390352932153449,"(4.262, 30.0]","(2.809, 30.0]","(1.201, 30.0]",*
7.498274911342053,"(4.262, 30.0]","(2.809, 30.0]","(1.201, 30.0]",*
7.510589732092555,"(4.262, 30.0]","(2.809, 30.0]","(1.201, 30.0]",*
7.5681150981467935,"(4.262, 30.0]","(2.809, 30.0]","(1.201, 30.0]",*
7.606518067922433,"(4.262, 30.0]","(2.809, 30.0]","(1.201, 30.0]",*
7.607669703934763,"(4.262, 30.0]","(2.809, 30.0]","(1.201, 30.0]",*
7.609177581558388,"(4.262, 30.0]","(2.809, 30.0]","(1.201, 30.0]",*
7.6457845985018995,"(4.262, 30.0]","(2.809, 30.0]","(1.201, 30.0]",*
7.6477640702792025,"(4.262, 30.0]","(2.809, 30.0]","(1.201, 30.0]",*
7.707806769134206,"(4.262, 30.0]","(2.809, 30.0]","(1.201, 30.0]",*
7.732628846494126,"(4.262, 30.0]","(2.809, 30.0]","(1.201, 30.0]",*
7.7470794701392345,"(4.262, 30.0]","(2.809, 30.0]","(1.201, 30.0]",*
7.77866709444103,"(4.262, 30.0]","(2.809, 30.0]","(1.201, 30.0]",*
7.788739427532036,"(4.262, 30.0]","(2.809, 30.0]","(1.201, 30.0]",*
7.80170458726554,"(4.262, 30.0]","(2.809, 30.0]","(1.201, 30.0]",*
7.8069531037948305,"(4.262, 30.0]","(2.809, 30.0]","(1.201, 30.0]",*
7.842698605394078,"(4.262, 30.0]","(2.809, 30.0]","(1.201, 30.0]",*
7.844923228864415,"(4.262, 30.0]","(2.809, 30.0]","(1.201, 30.0]",*
7.851332206648287,"(4.262, 30.0]","(2.809, 30.0]","(1.201, 30.0]",*
7.855779831637168,"(4.262, 30.0]","(2.809, 30.0]","(1.201, 30.0]",*
8.0,"(4.262, 30.0]","(2.809, 30.0]","(1.201, 30.0]",*
8.083600818929607,"(4.262, 30.0]","(2.809, 30.0]","(1.201, 30.0]",*
8.103835603506575,"(4.262, 30.0]","(2.809, 30.0]","(1.201, 30.0]",*
8.177830781236445,"(4.262, 30.0]","(2.809, 30.0]","(1.201, 30.0]",*
8.233657728927886,"(4.262, 30.0]","(2.809, 30.0]","(1.201, 30.0]",*
8.252479426837821,"(4.262, 30.0]","(2.809, 30.0]","(1.201, 30.0]",*
8.480611104841923,"(4.262, 30.0]","(2.809, 30.0]","(1.201, 30.0]",*
8.488027153153999,"(4.262, 30.0]","(2.809, 30.0]","(1.201, 30.0]",*
8.587360950741033,"(4.262, 30.0]","(2.809, 30.0]","(1.201, 30.0]",*
8.623097773502831,"(4.262, 30.0]","(2.809, 30.0]","(1.201, 30.0]",*
8.648579994131373,"(4.262, 30.0]","(2.809, 30.0]","(1.201, 30.0]",*
8.732326192475316,"(4.262, 30.0]","(2.809, 30.0]","(1.201, 30.0]",*
8.776411117177044,"(4.262, 30.0]","(2.809, 30.0]","(1.201, 30.0]",*
8.789633937958708,"(4.262, 30.0]","(2.809, 30.0]","(1.201, 30.0]",*
8.858964909133098,"(4.262, 30.0]","(2.809, 30.0]","(1.201, 30.0]",*
8.865290509949123,"(4.262, 30.0]","(2.809, 30.0]","(1.201, 30.0]",*
8.881927228790616,"(4.262, 30.0]","(2.809, 30.0]","(1.201, 30.0]",*
8.890387884322323,"(4.262, 30.0]","(2.809, 30.0]","(1.201, 30.0]",*
8.906885295780821,"(4.262, 30.0]","(2.809, 30.0]","(1.201, 30.0]",*
9.0,"(4.262, 30.0]","(2.809, 30.0]","(1.201, 30.0]",*
9.040566659166576,"(4.262, 30.0]","(2.809, 30.0]","(1.201, 30.0]",*
9.053225207779573,"(4.262, 30.0]","(2.809, 30.0]","(1.201, 30.0]",*
9.054337988339254,"(4.262, 30.0]","(2.809, 30.0]","(1.201, 30.0]",*
9.063831034543414,"(4.262, 30.0]","(2.809, 30.0]","(1.201, 30.0]",*
9.140296129542087,"(4.262, 30.0]","(2.809, 30.0]","(1.201, 30.0]",*
9.147044341412995,"(4.262, 30.0]","(2.809, 30.0]","(1.201, 30.0]",*
9.17028252343804,"(4.262, 30.0]","(2.809, 30.0]","(1.201, 30.0]",*
9.179490260917856,"(4.262, 30.0]","(2.809, 30.0]","(1.201, 30.0]",*
9.214955484010567,"(4.262, 30.0]","(2.809, 30.0]","(1.201, 30.0]",*
9.220948980390965,"(4.262, 30.0]","(2.809, 30.0]","(1.201, 30.0]",*
9.309986120878975,"(4.262, 30.0]","(2.809, 30.0]","(1.201, 30.0]",*
9.369617103306233,"(4.262, 30.0]","(2.809, 30.0]","(1.201, 30.0]",*
9.417652419912727,"(4.262, 30.0]","(2.809, 30.0]","(1.201, 30.0]",*
9.419708396761244,"(4.262, 30.0]","(2.809, 30.0]","(1.201, 30.0]",*
9.478370307039988,"(4.262, 30.0]","(2.809, 30.0]","(1.201, 30.0]",*
9.54645731732193,"(4.262, 30.0]","(2.809, 30.0]","(1.201, 30.0]",*
9.556429427191741,"(4.262, 30.0]","(2.809, 30.0]","(1.201, 30.0]",*
9.580144337741242,"(4.262, 30.0]","(2.809, 30.0]","(1.201, 30.0]",*
9.699322752147172,"(4.262, 30.0]","(2.809, 30.0]","(1.201, 30.0]",*
9.709854198380622,"(4.262, 30.0]","(2.809, 30.0]","(1.201, 30.0]",*
9.743372819454684,"(4.262, 30.0]","(2.809, 30.0]","(1.201, 30.0]",*
9.822836550727969,"(4.262, 30.0]","(2.809, 30.0]","(1.201, 30.0]",*
9.833038097509391,"(4.262, 30.0]","(2.809, 30.0]","(1.201, 30.0]",*
9.847911807557704,"(4.262, 30.0]","(2.809, 30.0]","(1.201, 30.0]",*
10.0,"(4.262, 30.0]","(2.809, 30.0]","(1.201, 30.0]",*
10.051040414382722,"(4.262, 30.0]","(2.809, 30.0]","(1.201, 30.0]",*
10.057272438467407,"(4.262, 30.0]","(2.809, 30.0]","(1.201, 30.0]",*
10.160762887445003,"(4.262, 30.0]","(2.809, 30.0]","(1.201, 30.0]",*
10.44972807698315,"(4.262, 30.0]","(2.809, 30.0]","(1.201, 30.0]",*
10.477890555963752,"(4.262, 30.0]","(2.809, 30.0]","(1.201, 30.0]",*
10.526294095110757,"(4.262, 30.0]","(2.809, 30.0]","(1.201, 30.0]",*
10.548025134284819,"(4.262, 30.0]","(2.809, 30.0]","(1.201, 30.0]",*
10.555576990711081,"(4.262, 30.0]","(2.809, 30.0]","(1.201, 30.0]",*
10.57345014586461,"(4.262, 30.0]","(2.809, 30.0]","(1.201, 30.0]",*
10.625088905002842,"(4.262, 30.0]","(2.809, 30.0]","(1.201, 30.0]",*
10.75972630937392,"(4.262, 30.0]","(2.809, 30.0]","(1.201, 30.0]",*
10.823322520583167,"(4.262, 30.0]","(2.809, 30.0]","(1.201, 30.0]",*
10.926063108879093,"(4.262, 30.0]","(2.809, 30.0]","(1.201, 30.0]",*
10.929146346438623,"(4.262, 30.0]","(2.809, 30.0]","(1.201, 30.0]",*
10.977016711184868,"(4.262, 30.0]","(2.809, 30.0]","(1.201, 30.0]",*
11.010236469084974,"(4.262, 30.0]","(2.809, 30.0]","(1.201, 30.0]",*
11.045831258988,"(4.262, 30.0]","(2.809, 30.0]","(1.201, 30.0]",*
11.255916546155234,"(4.262, 30.0]","(2.809, 30.0]","(1.201, 30.0]",*
11.294776478707044,"(4.262, 30.0]","(2.809, 30.0]","(1.201, 30.0]",*
11.391147841146832,"(4.262, 30.0]","(2.809, 30.0]","(1.201, 30.0]",*
11.494934526229411,"(4.262, 30.0]","(2.809, 30.0]","(1.201, 30.0]",*
11.616876603748706,"(4.262, 30.0]","(2.809, 30.0]","(1.201, 30.0]",*
11.661362504902545,"(4.262, 30.0]","(2.809, 30.0]","(1.201, 30.0]",*
11.699683076591933,"(4.262, 30.0]","(2.809, 30.0]","(1.201, 30.0]",*
11.708927506217545,"(4.262, 30.0]","(2.809, 30.0]","(1.201, 30.0]",*
11.745230429967881,"(4.262, 30.0]","(2.809, 30.0]","(1.201, 30.0]",*
11.901562510248779,"(4.262, 30.0]","(2.809, 30.0]","(1.201, 30.0]",*
11.91225324204543,"(4.262, 30.0]","(2.809, 30.0]","(1.201, 30.0]",*
12.0,"(4.262, 30.0]","(2.809, 30.0]","(1.201, 30.0]",*
12.193837062053078,"(4.262, 30.0]","(2.809, 30.0]","(1.201, 30.0]",*
12.244655388194886,"(4.262, 30.0]","(2.809, 30.0]","(1.201, 30.0]",*
12.283703227385594,"(4.262, 30.0]","(2.809, 30.0]","(1.201, 30.0]",*
12.361397992214405,"(4.262, 30.0]","(2.809, 30.0]","(1.201, 30.0]",*
12.373216153769118,"(4.262, 30.0]","(2.809, 30.0]","(1.201, 30.0]",*
12.465726828542856,"(4.262, 30.0]","(2.809, 30.0]","(1.201, 30.0]",*
12.539416425950257,"(4.262, 30.0]","(2.809, 30.0]","(1.201, 30.0]",*
12.552709227713056,"(4.262, 30.0]","(2.809, 30.0]","(1.201, 30.0]",*
12.562873784515183,"(4.262, 30.0]","(2.809, 30.0]","(1.201, 30.0]",*
12.568108991539695,"(4.262, 30.0]","(2.809, 30.0]","(1.201, 30.0]",*
12.580082243520394,"(4.262, 30.0]","(2.809, 30.0]","(1.201, 30.0]",*
12.740869058888077,"(4.262, 30.0]","(2.809, 30.0]","(1.201, 30.0]",*
12.849750174504997,"(4.262, 30.0]","(2.809, 30.0]","(1.201, 30.0]",*
12.858964607629423,"(4.262, 30.0]","(2.809, 30.0]","(1.201, 30.0]",*
13.0,"(4.262, 30.0]","(2.809, 30.0]","(1.201, 30.0]",*
13.010828853804469,"(4.262, 30.0]","(2.809, 30.0]","(1.201, 30.0]",*
13.0913588948248,"(4.262, 30.0]","(2.809, 30.0]","(1.201, 30.0]",*
13.241249206048138,"(4.262, 30.0]","(2.809, 30.0]","(1.201, 30.0]",*
13.397237280949946,"(4.262, 30.0]","(2.809, 30.0]","(1.201, 30.0]",*
13.51077757752983,"(4.262, 30.0]","(2.809, 30.0]","(1.201, 30.0]",*
13.512595089103282,"(4.262, 30.0]","(2.809, 30.0]","(1.201, 30.0]",*
13.546241208487544,"(4.262, 30.0]","(2.809, 30.0]","(1.201, 30.0]",*
13.605274836012764,"(4.262, 30.0]","(2.809, 30.0]","(1.201, 30.0]",*
13.710181564088513,"(4.262, 30.0]","(2.809, 30.0]","(1.201, 30.0]",*
13.808673470299617,"(4.262, 30.0]","(2.809, 30.0]","(1.201, 30.0]",*
13.93145957155128,"(4.262, 30.0]","(2.809, 30.0]","(1.201, 30.0]",*
13.96036163077969,"(4.262, 30.0]","(2.809, 30.0]","(1.201, 30.0]",*
14.0,"(4.262, 30.0]","(2.809, 30.0]","(1.201, 30.0]",*
14.036334494596774,"(4.262, 30.0]","(2.809, 30.0]","(1.201, 30.0]",*
14.069488141022084,"(4.262, 30.0]","(2.809, 30.0]","(1.201, 30.0]",*
14.071832972259998,"(4.262, 30.0]","(2.809, 30.0]","(1.201, 30.0]",*
14.09648831879023,"(4.262, 30.0]","(2.809, 30.0]","(1.201, 30.0]",*
14.155239310442312,"(4.262, 30.0]","(2.809, 30.0]","(1.201, 30.0]",*
14.1890147444349,"(4.262, 30.0]","(2.809, 30.0]","(1.201, 30.0]",*
14.499995492620602,"(4.262, 30.0]","(2.809, 30.0]","(1.201, 30.0]",*
14.623348993173728,"(4.262, 30.0]","(2.809, 30.0]","(1.201, 30.0]",*
14.65622148438781,"(4.262, 30.0]","(2.809, 30.0]","(1.201, 30.0]",*
15.0,"(4.262, 30.0]","(2.809, 30.0]","(1.201, 30.0]",*
15.041634073578338,"(4.262, 30.0]","(2.809, 30.0]","(1.201, 30.0]",*
15.054533069217449,"(4.262, 30.0]","(2.809, 30.0]","(1.201, 30.0]",*
15.185688656117467,"(4.262, 30.0]","(2.809, 30.0]","(1.201, 30.0]",*
15.195081269394072,"(4.262, 30.0]","(2.809, 30.0]","(1.201, 30.0]",*
15.205227301780617,"(4.262, 30.0]","(2.809, 30.0]","(1.201, 30.0]",*
15.36596747057591,"(4.262, 30.0]","(2.809, 30.0]","(1.201, 30.0]",*
15.844989267251266,"(4.262, 30.0]","(2.809, 30.0]","(1.201, 30.0]",*
15.845551983143396,"(4.262, 30.0]","(2.809, 30.0]","(1.201, 30.0]",*
16.0,"(4.262, 30.0]","(2.809, 30.0]","(1.201, 30.0]",*
16.249368122961048,"(4.262, 30.0]","(2.809, 30.0]","(1.201, 30.0]",*
16.527664820677806,"(4.262, 30.0]","(2.809, 30.0]","(1.201, 30.0]",*
16.698730149103106,"(4.262, 30.0]","(2.809, 30.0]","(1.201, 30.0]",*
16.79695643760453,"(4.262, 30.0]","(2.809, 30.0]","(1.201, 30.0]",*
17.241462097332235,"(4.262, 30.0]","(2.809, 30.0]","(1.201, 30.0]",*
17.45643518229607,"(4.262, 30.0]","(2.809, 30.0]","(1.201, 30.0]",*
17.678745844749848,"(4.262, 30.0]","(2.809, 30.0]","(1.201, 30.0]",*
18.15523818768569,"(4.262, 30.0]","(2.809, 30.0]","(1.201, 30.0]",*
18.167201637859215,"(4.262, 30.0]","(2.809, 30.0]","(1.201, 30.0]",*
18.353058435020873,"(4.262, 30.0]","(2.809, 30.0]","(1.201, 30.0]",*
18.638556059232315,"(4.262, 30.0]","(2.809, 30.0]","(1.201, 30.0]",*
18.951422723578883,"(4.262, 30.0]","(2.809, 30.0]","(1.201, 30.0]",*
19.0,"(4.262, 30.0]","(2.809, 30.0]","(1.201, 30.0]",*
19.48651333299754,"(4.262, 30.0]","(2.809, 30.0]","(1.201, 30.0]",*
19.512595114271207,"(4.262, 30.0]","(2.809, 30.0]","(1.201, 30.0]",*
19.77145082749938,"(4.262, 30.0]","(2.809, 30.0]","(1.201, 30.0]",*
19.77157535839246,"(4.262, 30.0]","(2.809, 30.0]","(1.201, 30.0]",*
20.0,"(4.262, 30.0]","(2.809, 30.0]","(1.201, 30.0]",*
22.0,"(4.262, 30.0]","(2.809, 30.0]","(1.201, 30.0]",*
30.0,"(4.262, 30.0]","(2.809, 30.0]","(1.201, 30.0]",*
