0.0,"(-0.001, 1.195]","(-0.001, 2.62]",*
0.011706922784616328,"(-0.001, 1.195]","(-0.001, 2.62]",*
0.020240531842131704,"(-0.001, 1.195]","(-0.001, 2.62]",*
0.030101173454295787,"(-0.001, 1.195]","(-0.001, 2.62]",*
0.03130136671626434,"(-0.001, 1.195]","(-0.001, 2.62]",*
0.03139725888190181,"(-0.001, 1.195]","(-0.001, 2.62]",*
0.03536243575549092,"(-0.001, 1.195]","(-0.001, 2.62]",*
0.0408333969647775,"(-0.001, 1.195]","(-0.001, 2.62]",*
0.04499050220309031,"(-0.001, 1.195]","(-0.001, 2.62]",*
0.048689573092977945,"(-0.001, 1.195]","(-0.001, 2.62]",*
0.05262538278954243,"(-0.001, 1.195]","(-0.001, 2.62]",*
0.05317287337198229,"(-0.001, 1.195]","(-0.001, 2.62]",*
0.05523276820496914,"(-0.001, 1.195]","(-0.001, 2.62]",*
0.055565383381841915,"(-0.001, 1.195]","(-0.001, 2.62]",*
0.06419321771240583,"(-0.001, 1.195]","(-0.001, 2.62]",*
0.06813429042909824,"(-0.001, 1.195]","(-0.001, 2.62]",*
0.07403618517399368,"(-0.001, 1.195]","(-0.001, 2.62]",*
0.0859259411525046,"(-0.001, 1.195]","(-0.001, 2.62]",*
0.0934862185011005,"(-0.001, 1.195]","(-0.001, 2.62]",*
0.09661052603295595,"(-0.001, 1.195]","(-0.001, 2.62]",*
0.10075232430468017,"(-0.001, 1.195]","(-0.001, 2.62]",*
0.10535585251257434,"(-0.001, 1.195]","(-0.001, 2.62]",*
0.10969395956314543,"(-0.001, 1.195]","(-0.001, 2.62]",*
0.11703910863637179,"(-0.001, 1.195]","(-0.001, 2.62]",*
0.1174960258109996,"(-0.001, 1.195]","(-0.001, 2.62]",*
0.11797806703478741,"(-0.001, 1.195]","(-0.001, 2.62]",*
0.12169997749972472,"(-0.001, 1.195]","(-0.001, 2.62]",*
0.12322569272035723,"(-0.001, 1.195]","(-0.001, 2.62]",*
0.12603223641349803,"(-0.001, 1.195]","(-0.001, 2.62]",*
0.12615133847720453,"(-0.001, 1.195]","(-0.001, 2.62]",*
0.12719427127222804,"(-0.001, 1.195]","(-0.001, 2.62]",*
0.1519917706777656,"(-0.001, 1.195]","(-0.001, 2.62]",*
0.15204353275295546,"(-0.001, 1.195]","(-0.001, 2.62]",*
0.15226155321921195,"(-0.001, 1.195]","(-0.001, 2.62]",*
0.15519117369863178,"(-0.001, 1.195]","(-0.001, 2.62]",*
0.1581601019875785,"(-0.001, 1.195]","(-0.001, 2.62]",*
0.16,"(-0.001, 1.195]","(-0.001, 2.62]",*
0.16084947159010032,"(-0.001, 1.195]","(-0.001, 2.62]",*
0.16612296126359383,"(-0.001, 1.195]","(-0.001, 2.62]",*
0.16698019276373838,"(-0.001, 1.195]","(-0.001, 2.62]",*
0.1670807127174927,"(-0.001, 1.195]","(-0.001, 2.62]",*
0.167943712869566,"(-0.001, 1.195]","(-0.001, 2.62]",*
0.17459961405712576,"(-0.001, 1.195]","(-0.001, 2.62]",*
0.17543175707981704,"(-0.001, 1.195]","(-0.001, 2.62]",*
0.17974433893001818,"(-0.001, 1.195]","(-0.001, 2.62]",*
0.18228529726600096,"(-0.001, 1.195]","(-0.001, 2.62]",*
0.1877969191407014,"(-0.001, 1.195]","(-0.001, 2.62]",*
0.1895635768380881,"(-0.001, 1.195]","(-0.001, 2.62]",*
0.1914931036302434,"(-0.001, 1.195]","(-0.001, 2.62]",*
0.2025437422999783,"(-0.001, 1.195]","(-0.001, 2.62]",*
0.2190664512986421,"(-0.001, 1.195]","(-0.001, 2.62]",*
0.22153946443381614,"(-0.001, 1.195]","(-0.001, 2.62]",*
0.22160480529383209,"(-0.001, 1.195]","(-0.001, 2.62]",*
0.22287250671915493,"(-0.001, 1.195]","(-0.001, 2.62]",*
0.23012181045257318,"(-0.001, 1.195]","(-0.001, 2.62]",*
0.2308693409598982,"(-0.001, 1.195]","(-0.001, 2.62]",*
0.23467474619303474,"(-0.001, 1.195]","(-0.001, 2.62]",*
0.2401875405727747,"(-0.001, 1.195]","(-0.001, 2.62]",*
0.24419324647701612,"(-0.001, 1.195]","(-0.001, 2.62]",*
0.25435648177039294,"(-0.001, 1.195]","(-0.001, 2.62]",*
0.25791556642709945,"(-0.001, 1.195]","(-0.001, 2.62]",*
0.26174977030986607,"(-0.001, 1.195]","(-0.001, 2.62]",*
0.26285932835203374,"(-0.001, 1.195]","(-0.001, 2.62]",*
0.27255915272620257,"(-0.001, 1.195]","(-0.001, 2.62]",*
0.2731257368338412,"(-0.001, 1.195]","(-0.001, 2.62]",*
0.27841801270961464,"(-0.001, 1.195]","(-0.001, 2.62]",*
0.2892853447446356,"(-0.001, 1.195]","(-0.001, 2.62]",*
0.2937440196297833,"(-0.001, 1.195]","(-0.001, 2.62]",*
0.2947107296538639,"(-0.001, 1.195]","(-0.001, 2.62]",*
0.3003779457494833,"(-0.001, 1.195]","(-0.001, 2.62]",*
0.3043745543611428,"(-0.001, 1.195]","(-0.001, 2.62]",*
0.309738059020363,"(-0.001, 1.195]","(-0.001, 2.62]",*
0.3097649919859302,"(-0.001, 1.195]","(-0.001, 2.62]",*
0.31642325663994664,"(-0.001, 1.195]","(-0.001, 2.62]",*
0.31767547216933123,"(-0.001, 1.195]","(-0.001, 2.62]",*
0.32001715082246784,"(-0.001, 1.195]","(-0.001, 2.62]",*
0.3245219055071487,"(-0.001, 1.195]","(-0.001, 2.62]",*
0.33045840119638825,"(-0.001, 1.195]","(-0.001, 2.62]",*
0.3386296778161783,"(-0.001, 1.195]","(-0.001, 2.62]",*
0.3458275245008682,"(-0.001, 1.195]","(-0.001, 2.62]",*
0.34766450662211756,"(-0.001, 1.195]","(-0.001, 2.62]",*
0.35259556788609925,"(-0.001, 1.195]","(-0.001, 2.62]",*
0.3556127378499556,"(-0.001, 1.195]","(-0.001, 2.62]",*
0.36165376073427835,"(-0.001, 1.195]","(-0.001, 2.62]",*
0.3638213399644676,"(-0.001, 1.195]","(-0.001, 2.62]",*
0.3650999324991737,"(-0.001, 1.195]","(-0.001, 2.62]",*
0.36541549030113685,"(-0.001, 1.195]","(-0.001, 2.62]",*
0.3663774122991802,"(-0.001, 1.195]","(-0.001, 2.62]",*
0.36905260422793107,"(-0.001, 1.195]","(-0.001, 2.62]",*
0.36940285493557035,"(-0.001, 1.195]","(-0.001, 2.62]",*
0.3780831202386107,"(-0.001, 1.195]","(-0.001, 2.62]",*
0.3821233080824762,"(-0.001, 1.195]","(-0.001, 2.62]",*
0.390457881629269,"(-0.001, 1.195]","(-0.001, 2.62]",*
0.3997275911204343,"(-0.001, 1.195]","(-0.001, 2.62]",*
0.40370935113460227,"(-0.001, 1.195]","(-0.001, 2.62]",*
0.4062076646530457,"(-0.001, 1.195]","(-0.001, 2.62]",*
0.408898648876418,"(-0.001, 1.195]","(-0.001, 2.62]",*
0.4107008150567968,"(-0.001, 1.195]","(-0.001, 2.62]",*
0.41552393104423113,"(-0.001, 1.195]","(-0.001, 2.62]",*
0.41650757402551264,"(-0.001, 1.195]","(-0.001, 2.62]",*
0.4183464785136186,"(-0.001, 1.195]","(-0.001, 2.62]",*
0.4191029896720531,"(-0.001, 1.195]","(-0.001, 2.62]",*
0.42433709094752037,"(-0.001, 1.195]","(-0.001, 2.62]",*
0.43907024579493525,"(-0.001, 1.195]","(-0.001, 2.62]",*
0.4495705364457974,"(-0.001, 1.195]","(-0.001, 2.62]",*
0.4507505644688339,"(-0.001, 1.195]","(-0.001, 2.62]",*
0.4563227402834862,"(-0.001, 1.195]","(-0.001, 2.62]",*
0.4563831369604622,"(-0.001, 1.195]","(-0.001, 2.62]",*
0.4565700181659826,"(-0.001, 1.195]","(-0.001, 2.62]",*
0.461869447304491,"(-0.001, 1.195]","(-0.001, 2.62]",*
0.4660839811163163,"(-0.001, 1.195]","(-0.001, 2.62]",*
0.4677191226749987,"(-0.001, 1.195]","(-0.001, 2.62]",*
0.47085398949548585,"(-0.001, 1.195]","(-0.001, 2.62]",*
0.4775839429696177,"(-0.001, 1.195]","(-0.001, 2.62]",*
0.4848801119204112,"(-0.001, 1.195]","(-0.001, 2.62]",*
0.4890131213754225,"(-0.001, 1.195]","(-0.001, 2.62]",*
0.48904189505328266,"(-0.001, 1.195]","(-0.001, 2.62]",*
0.49329478245466607,"(-0.001, 1.195]","(-0.001, 2.62]",*
0.4966501864738395,"(-0.001, 1.195]","(-0.001, 2.62]",*
0.5,"(-0.001, 1.195]","(-0.001, 2.62]",*
0.5006860505319358,"(-0.001, 1.195]","(-0.001, 2.62]",*
0.5068546342914289,"(-0.001, 1.195]","(-0.001, 2.62]",*
0.5145436623970457,"(-0.001, 1.195]","(-0.001, 2.62]",*
0.518211981886914,"(-0.001, 1.195]","(-0.001, 2.62]",*
0.5240071148797362,"(-0.001, 1.195]","(-0.001, 2.62]",*
0.5300649313796229,"(-0.001, 1.195]","(-0.001, 2.62]",*
0.540018875151884,"(-0.001, 1.195]","(-0.001, 2.62]",*
0.5434528852107091,"(-0.001, 1.195]","(-0.001, 2.62]",*
0.5438594331995203,"(-0.001, 1.195]","(-0.001, 2.62]",*
0.5459114745773435,"(-0.001, 1.195]","(-0.001, 2.62]",*
0.5551921954635322,"(-0.001, 1.195]","(-0.001, 2.62]",*
0.5566545781072902,"(-0.001, 1.195]","(-0.001, 2.62]",*
0.5592600173452326,"(-0.001, 1.195]","(-0.001, 2.62]",*
0.560021433009126,"(-0.001, 1.195]","(-0.001, 2.62]",*
0.5613926752525342,"(-0.001, 1.195]","(-0.001, 2.62]",*
0.571013583045319,"(-0.001, 1.195]","(-0.001, 2.62]",*
0.5780431238249681,"(-0.001, 1.195]","(-0.001, 2.62]",*
0.5857000097810445,"(-0.001, 1.195]","(-0.001, 2.62]",*
0.5911628405569189,"(-0.001, 1.195]","(-0.001, 2.62]",*
0.594977188991626,"(-0.001, 1.195]","(-0.001, 2.62]",*
0.595771241491132,"(-0.001, 1.195]","(-0.001, 2.62]",*
0.602392237942825,"(-0.001, 1.195]","(-0.001, 2.62]",*
0.6057274313957162,"(-0.001, 1.195]","(-0.001, 2.62]",*
0.6124656212077874,"(-0.001, 1.195]","(-0.001, 2.62]",*
0.615950992365639,"(-0.001, 1.195]","(-0.001, 2.62]",*
0.6258300196657745,"(-0.001, 1.195]","(-0.001, 2.62]",*
0.6432823830518946,"(-0.001, 1.195]","(-0.001, 2.62]",*
0.6443159201468618,"(-0.001, 1.195]","(-0.001, 2.62]",*
0.6488957535884411,"(-0.001, 1.195]","(-0.001, 2.62]",*
0.6717740641811404,"(-0.001, 1.195]","(-0.001, 2.62]",*
0.6778580019040836,"(-0.001, 1.195]","(-0.001, 2.62]",*
0.7067804202386707,"(-0.001, 1.195]","(-0.001, 2.62]",*
0.7076234708841119,"(-0.001, 1.195]","(-0.001, 2.62]",*
0.7081251454208317,"(-0.001, 1.195]","(-0.001, 2.62]",*
0.7088595110879923,"(-0.001, 1.195]","(-0.001, 2.62]",*
0.7191468284052799,"(-0.001, 1.195]","(-0.001, 2.62]",*
0.7224863397463405,"(-0.001, 1.195]","(-0.001, 2.62]",*
0.7354107979239672,"(-0.001, 1.195]","(-0.001, 2.62]",*
0.7407664816996927,"(-0.001, 1.195]","(-0.001, 2.62]",*
0.7508111812789893,"(-0.001, 1.195]","(-0.001, 2.62]",*
0.76141863639716,"(-0.001, 1.195]","(-0.001, 2.62]",*
0.7925299245588906,"(-0.001, 1.195]","(-0.001, 2.62]",*
0.7940236405773455,"(-0.001, 1.195]","(-0.001, 2.62]",*
0.8074325796895265,"(-0.001, 1.195]","(-0.001, 2.62]",*
0.8210349742496712,"(-0.001, 1.195]","(-0.001, 2.62]",*
0.8227229917342316,"(-0.001, 1.195]","(-0.001, 2.62]",*
0.8257101283907726,"(-0.001, 1.195]","(-0.001, 2.62]",*
0.8374879494858196,"(-0.001, 1.195]","(-0.001, 2.62]",*
0.8451903172618472,"(-0.001, 1.195]","(-0.001, 2.62]",*
0.8454985645729427,"(-0.001, 1.195]","(-0.001, 2.62]",*
0.8455428227916648,"(-0.001, 1.195]","(-0.001, 2.62]",*
0.8493450638229157,"(-0.001, 1.195]","(-0.001, 2.62]",*
0.8505565397464999,"(-0.001, 1.195]","(-0.001, 2.62]",*
0.8582624361770811,"(-0.001, 1.195]","(-0.001, 2.62]",*
0.8603894127560654,"(-0.001, 1.195]","(-0.001, 2.62]",*
0.8623182972496564,"(-0.001, 1.195]","(-0.001, 2.62]",*
0.8656481585967928,"(-0.001, 1.195]","(-0.001, 2.62]",*
0.8743691029700359,"(-0.001, 1.195]","(-0.001, 2.62]",*
0.8761800171505585,"(-0.001, 1.195]","(-0.001, 2.62]",*
0.8807372455467699,"(-0.001, 1.195]","(-0.001, 2.62]",*
0.8811315081321037,"(-0.001, 1.195]","(-0.001, 2.62]",*
0.8860763354788779,"(-0.001, 1.195]","(-0.001, 2.62]",*
0.8896153937234501,"(-0.001, 1.195]","(-0.001, 2.62]",*
0.8905454732022047,"(-0.001, 1.195]","(-0.001, 2.62]",*
0.8921009967060844,"(-0.001, 1.195]","(-0.001, 2.62]",*
0.8924665016646465,"(-0.001, 1.195]","(-0.001, 2.62]",*
0.8925498004724227,"(-0.001, 1.195]","(-0.001, 2.62]",*
0.8977113107974116,"(-0.001, 1.195]","(-0.001, 2.62]",*
0.8983347332251057,"(-0.001, 1.195]","(-0.001, 2.62]",*
0.9058863619557593,"(-0.001, 1.195]","(-0.001, 2.62]",*
0.9059682223222625,"(-0.001, 1.195]","(-0.001, 2.62]",*
0.9131610479557071,"(-0.001, 1.195]","(-0.001, 2.62]",*
0.9283585139135808,"(-0.001, 1.195]","(-0.001, 2.62]",*
0.9295293167921905,"(-0.001, 1.195]","(-0.001, 2.62]",*
0.9398938390752285,"(-0.001, 1.195]","(-0.001, 2.62]",*
0.942418217685834,"(-0.001, 1.195]","(-0.001, 2.62]",*
0.9431519235667597,"(-0.001, 1.195]","(-0.001, 2.62]",*
0.9497914483113405,"(-0.001, 1.195]","(-0.001, 2.62]",*
0.9558224681884866,"(-0.001, 1.195]","(-0.001, 2.62]",*
0.9590740984891255,"(-0.001, 1.195]","(-0.001, 2.62]",*
0.9600514524674035,"(-0.001, 1.195]","(-0.001, 2.62]",*
0.9623297023369479,"(-0.001, 1.195]","(-0.001, 2.62]",*
0.9646593780482169,"(-0.001, 1.195]","(-0.001, 2.62]",*
0.9681610704686922,"(-0.001, 1.195]","(-0.001, 2.62]",*
0.9821824565712048,"(-0.001, 1.195]","(-0.001, 2.62]",*
0.9866390810995515,"(-0.001, 1.195]","(-0.001, 2.62]",*
0.9881598493033027,"(-0.001, 1.195]","(-0.001, 2.62]",*
0.9947248368710567,"(-0.001, 1.195]","(-0.001, 2.62]",*
0.9967124125101792,"(-0.001, 1.195]","(-0.001, 2.62]",*
0.9994354560859258,"(-0.001, 1.195]","(-0.001, 2.62]",*
1.0,"(-0.001, 1.195]","(-0.001, 2.62]",*
1.003127343131141,"(-0.001, 1.195]","(-0.001, 2.62]",*
1.0286265178026253,"(-0.001, 1.195]","(-0.001, 2.62]",*
1.0329730353763473,"(-0.001, 1.195]","(-0.001, 2.62]",*
1.0390308324084265,"(-0.001, 1.195]","(-0.001, 2.62]",*
1.0417005537966588,"(-0.001, 1.195]","(-0.001, 2.62]",*
1.0451054853856379,"(-0.001, 1.195]","(-0.001, 2.62]",*
1.050684249308255,"(-0.001, 1.195]","(-0.001, 2.62]",*
1.053663179926845,"(-0.001, 1.195]","(-0.001, 2.62]",*
1.0570602481171427,"(-0.001, 1.195]","(-0.001, 2.62]",*
1.0573951128095729,"(-0.001, 1.195]","(-0.001, 2.62]",*
1.0671000045460293,"(-0.001, 1.195]","(-0.001, 2.62]",*
1.0700220709847479,"(-0.001, 1.195]","(-0.001, 2.62]",*
1.0725534968579127,"(-0.001, 1.195]","(-0.001, 2.62]",*
1.0758601350545751,"(-0.001, 1.195]","(-0.001, 2.62]",*
1.0807102869293153,"(-0.001, 1.195]","(-0.001, 2.62]",*
1.082772253917171,"(-0.001, 1.195]","(-0.001, 2.62]",*
1.091816833658576,"(-0.001, 1.195]","(-0.001, 2.62]",*
1.1003783997450065,"(-0.001, 1.195]","(-0.001, 2.62]",*
1.1045090721082496,"(-0.001, 1.195]","(-0.001, 2.62]",*
1.1090236610904807,"(-0.001, 1.195]","(-0.001, 2.62]",*
1.1130544692265538,"(-0.001, 1.195]","(-0.001, 2.62]",*
1.1215126324847358,"(-0.001, 1.195]","(-0.001, 2.62]",*
1.123771757396795,"(-0.001, 1.195]","(-0.001, 2.62]",*
1.128441640635292,"(-0.001, 1.195]","(-0.001, 2.62]",*
1.1332555178774428,"(-0.001, 1.195]","(-0.001, 2.62]",*
1.1461641841014152,"(-0.001, 1.195]","(-0.001, 2.62]",*
1.151458693374876,"(-0.001, 1.195]","(-0.001, 2.62]",*
1.1528590954853892,"(-0.001, 1.195]","(-0.001, 2.62]",*
1.1570647312198894,"(-0.001, 1.195]","(-0.001, 2.62]",*
1.1578470092436675,"(-0.001, 1.195]","(-0.001, 2.62]",*
1.178027029641283,"(-0.001, 1.195]","(-0.001, 2.62]",*
1.1881791084218811,"(-0.001, 1.195]","(-0.001, 2.62]",*
1.1898644680899444,"(-0.001, 1.195]","(-0.001, 2.62]",*
1.1928312388013362,"(-0.001, 1.195]","(-0.001, 2.62]",*
1.1946631866482758,"(-0.001, 1.195]","(-0.001, 2.62]",*
1.2027082553945876,"(1.195, 4.945]","(-0.001, 2.62]",*
1.2028791377089063,"(1.195, 4.945]","(-0.001, 2.62]",*
1.218783665589926,"(1.195, 4.945]","(-0.001, 2.62]",*
1.219721412585799,"(1.195, 4.945]","(-0.001, 2.62]",*
1.221549891677999,"(1.195, 4.945]","(-0.001, 2.62]",*
1.230270070936287,"(1.195, 4.945]","(-0.001, 2.62]",*
1.2304242452252052,"(1.195, 4.945]","(-0.001, 2.62]",*
1.2325706289820715,"(1.195, 4.945]","(-0.001, 2.62]",*
1.237201094410833,"(1.195, 4.945]","(-0.001, 2.62]",*
1.2408086521331483,"(1.195, 4.945]","(-0.001, 2.62]",*
1.2493006692283568,"(1.195, 4.945]","(-0.001, 2.62]",*
1.2513365316302782,"(1.195, 4.945]","(-0.001, 2.62]",*
1.252121844133293,"(1.195, 4.945]","(-0.001, 2.62]",*
1.253113600969427,"(1.195, 4.945]","(-0.001, 2.62]",*
1.2616184000402955,"(1.195, 4.945]","(-0.001, 2.62]",*
1.2646026493038294,"(1.195, 4.945]","(-0.001, 2.62]",*
1.266972909,"(1.195, 4.945]","(-0.001, 2.62]",*
1.2673711535058736,"(1.195, 4.945]","(-0.001, 2.62]",*
1.2680567321583212,"(1.195, 4.945]","(-0.001, 2.62]",*
1.2761879422216627,"(1.195, 4.945]","(-0.001, 2.62]",*
1.2806978870735612,"(1.195, 4.945]","(-0.001, 2.62]",*
1.2942553063019218,"(1.195, 4.945]","(-0.001, 2.62]",*
1.2994516101416655,"(1.195, 4.945]","(-0.001, 2.62]",*
1.308223010903495,"(1.195, 4.945]","(-0.001, 2.62]",*
1.3236820963263087,"(1.195, 4.945]","(-0.001, 2.62]",*
1.3316216258579914,"(1.195, 4.945]","(-0.001, 2.62]",*
1.343378499386592,"(1.195, 4.945]","(-0.001, 2.62]",*
1.3716703600615712,"(1.195, 4.945]","(-0.001, 2.62]",*
1.3758118853057577,"(1.195, 4.945]","(-0.001, 2.62]",*
1.3902623666738334,"(1.195, 4.945]","(-0.001, 2.62]",*
1.390726273094432,"(1.195, 4.945]","(-0.001, 2.62]",*
1.3973507652493309,"(1.195, 4.945]","(-0.001, 2.62]",*
1.4136721626120536,"(1.195, 4.945]","(-0.001, 2.62]",*
1.4315122392064552,"(1.195, 4.945]","(-0.001, 2.62]",*
1.4434945535054218,"(1.195, 4.945]","(-0.001, 2.62]",*
1.4478626785376574,"(1.195, 4.945]","(-0.001, 2.62]",*
1.4660430523606318,"(1.195, 4.945]","(-0.001, 2.62]",*
1.4755613246971828,"(1.195, 4.945]","(-0.001, 2.62]",*
1.487204908314819,"(1.195, 4.945]","(-0.001, 2.62]",*
1.5034033096845167,"(1.195, 4.945]","(-0.001, 2.62]",*
1.504165157254047,"(1.195, 4.945]","(-0.001, 2.62]",*
1.5051752659738398,"(1.195, 4.945]","(-0.001, 2.62]",*
1.507825903504012,"(1.195, 4.945]","(-0.001, 2.62]",*
1.5358311580531363,"(1.195, 4.945]","(-0.001, 2.62]",*
1.5431172121961314,"(1.195, 4.945]","(-0.001, 2.62]",*
1.5575294730946796,"(1.195, 4.945]","(-0.001, 2.62]",*
1.5581470670587283,"(1.195, 4.945]","(-0.001, 2.62]",*
1.5867179327260112,"(1.195, 4.945]","(-0.001, 2.62]",*
1.6204323487319778,"(1.195, 4.945]","(-0.001, 2.62]",*
1.6256389951965993,"(1.195, 4.945]","(-0.001, 2.62]",*
1.6257632703565394,"(1.195, 4.945]","(-0.001, 2.62]",*
1.631578299598561,"(1.195, 4.945]","(-0.001, 2.62]",*
1.6393719519657934,"(1.195, 4.945]","(-0.001, 2.62]",*
1.6565774097672197,"(1.195, 4.945]","(-0.001, 2.62]",*
1.6721063739717508,"(1.195, 4.945]","(-0.001, 2.62]",*
1.7175704689699134,"(1.195, 4.945]","(-0.001, 2.62]",*
1.7211023476575875,"(1.195, 4.945]","(-0.001, 2.62]",*
1.728926565567729,"(1.195, 4.945]","(-0.001, 2.62]",*
1.7370344014177448,"(1.195, 4.945]","(-0.001, 2.62]",*
1.738452828435205,"(1.195, 4.945]","(-0.001, 2.62]",*
1.8229460142043656,"(1.195, 4.945]","(-0.001, 2.62]",*
1.863772200684529,"(1.195, 4.945]","(-0.001, 2.62]",*
1.8922953366710025,"(1.195, 4.945]","(-0.001, 2.62]",*
1.9036462249630381,"(1.195, 4.945]","(-0.001, 2.62]",*
1.9184175491961708,"(1.195, 4.945]","(-0.001, 2.62]",*
1.9308265437191974,"(1.195, 4.945]","(-0.001, 2.62]",*
1.9506425432173375,"(1.195, 4.945]","(-0.001, 2.62]",*
1.9596024595714008,"(1.195, 4.945]","(-0.001, 2.62]",*
1.9846319260751666,"(1.195, 4.945]","(-0.001, 2.62]",*
1.993748757253802,"(1.195, 4.945]","(-0.001, 2.62]",*
2.0,"(1.195, 4.945]","(-0.001, 2.62]",*
2.0020411542938197,"(1.195, 4.945]","(-0.001, 2.62]",*
2.031742349237967,"(1.195, 4.945]","(-0.001, 2.62]",*
2.0360852548266823,"(1.195, 4.945]","(-0.001, 2.62]",*
2.0568620701896894,"(1.195, 4.945]","(-0.001, 2.62]",*
2.0727799152174358,"(1.195, 4.945]","(-0.001, 2.62]",*
2.0868763369165717,"(1.195, 4.945]","(-0.001, 2.62]",*
2.1051530221319075,"(1.195, 4.945]","(-0.001, 2.62]",*
2.148470879768622,"(1.195, 4.945]","(-0.001, 2.62]",*
2.1661667984110435,"(1.195, 4.945]","(-0.001, 2.62]",*
2.1671138811158044,"(1.195, 4.945]","(-0.001, 2.62]",*
2.169824858661409,"(1.195, 4.945]","(-0.001, 2.62]",*
2.1767830926317364,"(1.195, 4.945]","(-0.001, 2.62]",*
2.186904243338601,"(1.195, 4.945]","(-0.001, 2.62]",*
2.2041996810056257,"(1.195, 4.945]","(-0.001, 2.62]",*
2.2136455522809655,"(1.195, 4.945]","(-0.001, 2.62]",*
2.2186523851478626,"(1.195, 4.945]","(-0.001, 2.62]",*
2.2217323069639354,"(1.195, 4.945]","(-0.001, 2.62]",*
2.230252425773135,"(1.195, 4.945]","(-0.001, 2.62]",*
2.23048609632285,"(1.195, 4.945]","(-0.001, 2.62]",*
2.244250585510029,"(1.195, 4.945]","(-0.001, 2.62]",*
2.245965910555892,"(1.195, 4.945]","(-0.001, 2.62]",*
2.245990859551642,"(1.195, 4.945]","(-0.001, 2.62]",*
2.2658466703062263,"(1.195, 4.945]","(-0.001, 2.62]",*
2.2770518382044687,"(1.195, 4.945]","(-0.001, 2.62]",*
2.3038820129312363,"(1.195, 4.945]","(-0.001, 2.62]",*
2.3320160642004932,"(1.195, 4.945]","(-0.001, 2.62]",*
2.3322226855462596,"(1.195, 4.945]","(-0.001, 2.62]",*
2.353476968659325,"(1.195, 4.945]","(-0.001, 2.62]",*
2.3584525782992944,"(1.195, 4.945]","(-0.001, 2.62]",*
2.360064067897554,"(1.195, 4.945]","(-0.001, 2.62]",*
2.3653216266933335,"(1.195, 4.945]","(-0.001, 2.62]",*
2.3704687530746336,"(1.195, 4.945]","(-0.001, 2.62]",*
2.3789282137450862,"(1.195, 4.945]","(-0.001, 2.62]",*
2.399387653711854,"(1.195, 4.945]","(-0.001, 2.62]",*
2.4055660470186346,"(1.195, 4.945]","(-0.001, 2.62]",*
2.4174617648783188,"(1.195, 4.945]","(-0.001, 2.62]",*
2.4275942610000643,"(1.195, 4.945]","(-0.001, 2.62]",*
2.4430921670821433,"(1.195, 4.945]","(-0.001, 2.62]",*
2.447546644171797,"(1.195, 4.945]","(-0.001, 2.62]",*
2.4540930642543897,"(1.195, 4.945]","(-0.001, 2.62]",*
2.470412347468691,"(1.195, 4.945]","(-0.001, 2.62]",*
2.4761489387972055,"(1.195, 4.945]","(-0.001, 2.62]",*
2.49070112753735,"(1.195, 4.945]","(-0.001, 2.62]",*
2.5059175305062618,"(1.195, 4.945]","(-0.001, 2.62]",*
2.5198464513485472,"(1.195, 4.945]","(-0.001, 2.62]",*
2.5236923852089346,"(1.195, 4.945]","(-0.001, 2.62]",*
2.5516550860260185,"(1.195, 4.945]","(-0.001, 2.62]",*
2.5579497002980505,"(1.195, 4.945]","(-0.001, 2.62]",*
2.573167932580664,"(1.195, 4.945]","(-0.001, 2.62]",*
2.596269056377338,"(1.195, 4.945]","(-0.001, 2.62]",*
2.61669196552793,"(1.195, 4.945]","(-0.001, 2.62]",*
2.62355279045692,"(1.195, 4.945]","(2.62, 34.0]",*
2.6442628750473665,"(1.195, 4.945]","(2.62, 34.0]",*
2.6594886913008433,"(1.195, 4.945]","(2.62, 34.0]",*
2.6827451130775852,"(1.195, 4.945]","(2.62, 34.0]",*
2.684249000049334,"(1.195, 4.945]","(2.62, 34.0]",*
2.7196664976635367,"(1.195, 4.945]","(2.62, 34.0]",*
2.7311908972841836,"(1.195, 4.945]","(2.62, 34.0]",*
2.7463874420835257,"(1.195, 4.945]","(2.62, 34.0]",*
2.7491975432111793,"(1.195, 4.945]","(2.62, 34.0]",*
2.75669583003601,"(1.195, 4.945]","(2.62, 34.0]",*
2.761433752239733,"(1.195, 4.945]","(2.62, 34.0]",*
2.784539164589283,"(1.195, 4.945]","(2.62, 34.0]",*
2.8081342016370567,"(1.195, 4.945]","(2.62, 34.0]",*
2.8452236413964265,"(1.195, 4.945]","(2.62, 34.0]",*
2.8583749709158335,"(1.195, 4.945]","(2.62, 34.0]",*
2.8588808394179592,"(1.195, 4.945]","(2.62, 34.0]",*
2.8661630962376576,"(1.195, 4.945]","(2.62, 34.0]",*
2.8925095747928182,"(1.195, 4.945]","(2.62, 34.0]",*
2.8951288366957133,"(1.195, 4.945]","(2.62, 34.0]",*
2.8996231510469466,"(1.195, 4.945]","(2.62, 34.0]",*
2.9086675173096177,"(1.195, 4.945]","(2.62, 34.0]",*
2.9454881694547597,"(1.195, 4.945]","(2.62, 34.0]",*
2.959399879770827,"(1.195, 4.945]","(2.62, 34.0]",*
2.9797232580529487,"(1.195, 4.945]","(2.62, 34.0]",*
2.9798512001255326,"(1.195, 4.945]","(2.62, 34.0]",*
3.0,"(1.195, 4.945]","(2.62, 34.0]",*
3.012817076556429,"(1.195, 4.945]","(2.62, 34.0]",*
3.029297491311544,"(1.195, 4.945]","(2.62, 34.0]",*
3.0510544768593877,"(1.195, 4.945]","(2.62, 34.0]",*
3.080632505211793,"(1.195, 4.945]","(2.62, 34.0]",*
3.094107224564091,"(1.195, 4.945]","(2.62, 34.0]",*
3.098264456824552,"(1.195, 4.945]","(2.62, 34.0]",*
3.108392453780441,"(1.195, 4.945]","(2.62, 34.0]",*
3.117958819941026,"(1.195, 4.945]","(2.62, 34.0]",*
3.118760694223818,"(1.195, 4.945]","(2.62, 34.0]",*
3.1300068834708545,"(1.195, 4.945]","(2.62, 34.0]",*
3.134652710543154,"(1.195, 4.945]","(2.62, 34.0]",*
3.163337342219057,"(1.195, 4.945]","(2.62, 34.0]",*
3.198379951520361,"(1.195, 4.945]","(2.62, 34.0]",*
3.210227732380101,"(1.195, 4.945]","(2.62, 34.0]",*
3.219674922423714,"(1.195, 4.945]","(2.62, 34.0]",*
3.2289229925094958,"(1.195, 4.945]","(2.62, 34.0]",*
3.247315148919675,"(1.195, 4.945]","(2.62, 34.0]",*
3.2491598676172666,"(1.195, 4.945]","(2.62, 34.0]",*
3.2505703788252918,"(1.195, 4.945]","(2.62, 34.0]",*
3.262490641367439,"(1.195, 4.945]","(2.62, 34.0]",*
3.287966888189956,"(1.195, 4.945]","(2.62, 34.0]",*
3.312544717619973,"(1.195, 4.945]","(2.62, 34.0]",*
3.3388865722687022,"(1.195, 4.945]","(2.62, 34.0]",*
3.364755434621089,"(1.195, 4.945]","(2.62, 34.0]",*
3.3725950024853573,"(1.195, 4.945]","(2.62, 34.0]",*
3.373448474205018,"(1.195, 4.945]","(2.62, 34.0]",*
3.413245756928674,"(1.195, 4.945]","(2.62, 34.0]",*
3.4817395584906388,"(1.195, 4.945]","(2.62, 34.0]",*
3.483512132564141,"(1.195, 4.945]","(2.62, 34.0]",*
3.490845620362417,"(1.195, 4.945]","(2.62, 34.0]",*
3.5667883396770304,"(1.195, 4.945]","(2.62, 34.0]",*
3.570117966227752,"(1.195, 4.945]","(2.62, 34.0]",*
3.5792328778251923,"(1.195, 4.945]","(2.62, 34.0]",*
3.60060682845764,"(1.195, 4.945]","(2.62, 34.0]",*
3.6216537500787993,"(1.195, 4.945]","(2.62, 34.0]",*
3.754972029446325,"(1.195, 4.945]","(2.62, 34.0]",*
3.7584243012864085,"(1.195, 4.945]","(2.62, 34.0]",*
3.7759757653068284,"(1.195, 4.945]","(2.62, 34.0]",*
3.7879496692894885,"(1.195, 4.945]","(2.62, 34.0]",*
3.8066416505412843,"(1.195, 4.945]","(2.62, 34.0]",*
3.833463705686647,"(1.195, 4.945]","(2.62, 34.0]",*
3.8516887963280837,"(1.195, 4.945]","(2.62, 34.0]",*
3.8616530874383947,"(1.195, 4.945]","(2.62, 34.0]",*
3.8760988873330553,"(1.195, 4.945]","(2.62, 34.0]",*
3.9015815392674185,"(1.195, 4.945]","(2.62, 34.0]",*
3.9021332555200674,"(1.195, 4.945]","(2.62, 34.0]",*
3.9800709519621824,"(1.195, 4.945]","(2.62, 34.0]",*
3.9837051703021533,"(1.195, 4.945]","(2.62, 34.0]",*
4.0,"(1.195, 4.945]","(2.62, 34.0]",*
4.001892310536192,"(1.195, 4.945]","(2.62, 34.0]",*
4.005159348179694,"(1.195, 4.945]","(2.62, 34.0]",*
4.06364420685118,"(1.195, 4.945]","(2.62, 34.0]",*
4.113197446374723,"(1.195, 4.945]","(2.62, 34.0]",*
4.137485450826851,"(1.195, 4.945]","(2.62, 34.0]",*
4.145067006584343,"(1.195, 4.945]","(2.62, 34.0]",*
4.149311800103349,"(1.195, 4.945]","(2.62, 34.0]",*
4.149716919418003,"(1.195, 4.945]","(2.62, 34.0]",*
4.165762434757502,"(1.195, 4.945]","(2.62, 34.0]",*
4.200649664285374,"(1.195, 4.945]","(2.62, 34.0]",*
4.206822748078286,"(1.195, 4.945]","(2.62, 34.0]",*
4.212452564487357,"(1.195, 4.945]","(2.62, 34.0]",*
4.224570511686245,"(1.195, 4.945]","(2.62, 34.0]",*
4.2275820803489434,"(1.195, 4.945]","(2.62, 34.0]",*
4.258573167340511,"(1.195, 4.945]","(2.62, 34.0]",*
4.269700587693191,"(1.195, 4.945]","(2.62, 34.0]",*
4.2742091347518,"(1.195, 4.945]","(2.62, 34.0]",*
4.277604977177544,"(1.195, 4.945]","(2.62, 34.0]",*
4.305332763359893,"(1.195, 4.945]","(2.62, 34.0]",*
4.352938312888743,"(1.195, 4.945]","(2.62, 34.0]",*
4.3856548294061914,"(1.195, 4.945]","(2.62, 34.0]",*
4.402872905138041,"(1.195, 4.945]","(2.62, 34.0]",*
4.404030405474779,"(1.195, 4.945]","(2.62, 34.0]",*
4.409848329135748,"(1.195, 4.945]","(2.62, 34.0]",*
4.441671246894504,"(1.195, 4.945]","(2.62, 34.0]",*
4.509477716894491,"(1.195, 4.945]","(2.62, 34.0]",*
4.518991711192027,"(1.195, 4.945]","(2.62, 34.0]",*
4.569365374474463,"(1.195, 4.945]","(2.62, 34.0]",*
4.57196237700512,"(1.195, 4.945]","(2.62, 34.0]",*
4.580777331893455,"(1.195, 4.945]","(2.62, 34.0]",*
4.591330697045198,"(1.195, 4.945]","(2.62, 34.0]",*
4.60480021947531,"(1.195, 4.945]","(2.62, 34.0]",*
4.608588879115408,"(1.195, 4.945]","(2.62, 34.0]",*
4.6202790355606425,"(1.195, 4.945]","(2.62, 34.0]",*
4.624563957199221,"(1.195, 4.945]","(2.62, 34.0]",*
4.679174932194028,"(1.195, 4.945]","(2.62, 34.0]",*
4.704334651477401,"(1.195, 4.945]","(2.62, 34.0]",*
4.759879944242725,"(1.195, 4.945]","(2.62, 34.0]",*
4.769747574226865,"(1.195, 4.945]","(2.62, 34.0]",*
4.80910839752149,"(1.195, 4.945]","(2.62, 34.0]",*
4.8693781194720005,"(1.195, 4.945]","(2.62, 34.0]",*
4.8789806920749115,"(1.195, 4.945]","(2.62, 34.0]",*
4.888809558633403,"(1.195, 4.945]","(2.62, 34.0]",*
4.888892731679725,"(1.195, 4.945]","(2.62, 34.0]",*
4.9168601313306635,"(1.195, 4.945]","(2.62, 34.0]",*
4.91811585589738,"(1.195, 4.945]","(2.62, 34.0]",*
4.93090081346473,"(1.195, 4.945]","(2.62, 34.0]",*
4.944915256727394,"(4.945, 34.0]","(2.62, 34.0]",*
4.953799632567296,"(4.945, 34.0]","(2.62, 34.0]",*
4.954967312452158,"(4.945, 34.0]","(2.62, 34.0]",*
4.99968909684378,"(4.945, 34.0]","(2.62, 34.0]",*
5.0,"(4.945, 34.0]","(2.62, 34.0]",*
5.027889259722357,"(4.945, 34.0]","(2.62, 34.0]",*
5.054389196292435,"(4.945, 34.0]","(2.62, 34.0]",*
5.080691439740956,"(4.945, 34.0]","(2.62, 34.0]",*
5.089309838979298,"(4.945, 34.0]","(2.62, 34.0]",*
5.090246683028731,"(4.945, 34.0]","(2.62, 34.0]",*
5.1130952359675605,"(4.945, 34.0]","(2.62, 34.0]",*
5.162844416246763,"(4.945, 34.0]","(2.62, 34.0]",*
5.180275210453541,"(4.945, 34.0]","(2.62, 34.0]",*
5.195665845521781,"(4.945, 34.0]","(2.62, 34.0]",*
5.201987702142995,"(4.945, 34.0]","(2.62, 34.0]",*
5.219504627607249,"(4.945, 34.0]","(2.62, 34.0]",*
5.245640958642802,"(4.945, 34.0]","(2.62, 34.0]",*
5.334750250378439,"(4.945, 34.0]","(2.62, 34.0]",*
5.369941702433141,"(4.945, 34.0]","(2.62, 34.0]",*
5.375114062448759,"(4.945, 34.0]","(2.62, 34.0]",*
5.378088614701568,"(4.945, 34.0]","(2.62, 34.0]",*
5.399670967175458,"(4.945, 34.0]","(2.62, 34.0]",*
5.407912254019147,"(4.945, 34.0]","(2.62, 34.0]",*
5.408097604186738,"(4.945, 34.0]","(2.62, 34.0]",*
5.481721109210683,"(4.945, 34.0]","(2.62, 34.0]",*
5.496070384161964,"(4.945, 34.0]","(2.62, 34.0]",*
5.513428050718448,"(4.945, 34.0]","(2.62, 34.0]",*
5.547709471912234,"(4.945, 34.0]","(2.62, 34.0]",*
5.555883923501945,"(4.945, 34.0]","(2.62, 34.0]",*
5.574740321621322,"(4.945, 34.0]","(2.62, 34.0]",*
5.6206200387005225,"(4.945, 34.0]","(2.62, 34.0]",*
5.651232711075075,"(4.945, 34.0]","(2.62, 34.0]",*
5.698904338501808,"(4.945, 34.0]","(2.62, 34.0]",*
5.744352521969525,"(4.945, 34.0]","(2.62, 34.0]",*
5.862549457265376,"(4.945, 34.0]","(2.62, 34.0]",*
5.862597636038595,"(4.945, 34.0]","(2.62, 34.0]",*
5.970902735778392,"(4.945, 34.0]","(2.62, 34.0]",*
5.990623396748277,"(4.945, 34.0]","(2.62, 34.0]",*
6.004058509354882,"(4.945, 34.0]","(2.62, 34.0]",*
6.079620404962107,"(4.945, 34.0]","(2.62, 34.0]",*
6.152156643290379,"(4.945, 34.0]","(2.62, 34.0]",*
6.197363617267099,"(4.945, 34.0]","(2.62, 34.0]",*
6.198234803127468,"(4.945, 34.0]","(2.62, 34.0]",*
6.203847507205099,"(4.945, 34.0]","(2.62, 34.0]",*
6.20759136192908,"(4.945, 34.0]","(2.62, 34.0]",*
6.222481607075191,"(4.945, 34.0]","(2.62, 34.0]",*
6.232858965663468,"(4.945, 34.0]","(2.62, 34.0]",*
6.269305421086308,"(4.945, 34.0]","(2.62, 34.0]",*
6.285612289671517,"(4.945, 34.0]","(2.62, 34.0]",*
6.324152731207794,"(4.945, 34.0]","(2.62, 34.0]",*
6.3415711709374865,"(4.945, 34.0]","(2.62, 34.0]",*
6.370970592931987,"(4.945, 34.0]","(2.62, 34.0]",*
6.372778760329762,"(4.945, 34.0]","(2.62, 34.0]",*
6.385121267256318,"(4.945, 34.0]","(2.62, 34.0]",*
6.404254353547325,"(4.945, 34.0]","(2.62, 34.0]",*
6.487891044477889,"(4.945, 34.0]","(2.62, 34.0]",*
6.496569054259136,"(4.945, 34.0]","(2.62, 34.0]",*
6.537973878984403,"(4.945, 34.0]","(2.62, 34.0]",*
6.567048852851569,"(4.945, 34.0]","(2.62, 34.0]",*
6.5937958777328705,"(4.945, 34.0]","(2.62, 34.0]",*
6.602063464967318,"(4.945, 34.0]","(2.62, 34.0]",*
6.612379757051614,"(4.945, 34.0]","(2.62, 34.0]",*
6.619634081625224,"(4.945, 34.0]","(2.62, 34.0]",*
6.626009727492223,"(4.945, 34.0]","(2.62, 34.0]",*
6.66854847971358,"(4.945, 34.0]","(2.62, 34.0]",*
6.673256235846729,"(4.945, 34.0]","(2.62, 34.0]",*
6.696240195945142,"(4.945, 34.0]","(2.62, 34.0]",*
6.699650274524192,"(4.945, 34.0]","(2.62, 34.0]",*
6.717112951163902,"(4.945, 34.0]","(2.62, 34.0]",*
6.7823212876960515,"(4.945, 34.0]","(2.62, 34.0]",*
6.79873230636773,"(4.945, 34.0]","(2.62, 34.0]",*
6.8054526683406795,"(4.945, 34.0]","(2.62, 34.0]",*
6.853671324686487,"(4.945, 34.0]","(2.62, 34.0]",*
6.870347438775703,"(4.945, 34.0]","(2.62, 34.0]",*
6.872082408900643,"(4.945, 34.0]","(2.62, 34.0]",*
6.884329436121135,"(4.945, 34.0]","(2.62, 34.0]",*
6.884992592859681,"(4.945, 34.0]","(2.62, 34.0]",*
6.907341995687704,"(4.945, 34.0]","(2.62, 34.0]",*
6.9200077896247825,"(4.945, 34.0]","(2.62, 34.0]",*
6.932365491951706,"(4.945, 34.0]","(2.62, 34.0]",*
6.93237263177693,"(4.945, 34.0]","(2.62, 34.0]",*
6.965507954625625,"(4.945, 34.0]","(2.62, 34.0]",*
6.984677807456579,"(4.945, 34.0]","(2.62, 34.0]",*
6.991929045975065,"(4.945, 34.0]","(2.62, 34.0]",*
6.99961250194494,"(4.945, 34.0]","(2.62, 34.0]",*
7.0,"(4.945, 34.0]","(2.62, 34.0]",*
7.196956006727942,"(4.945, 34.0]","(2.62, 34.0]",*
7.226989291040051,"(4.945, 34.0]","(2.62, 34.0]",*
7.2645796518436425,"(4.945, 34.0]","(2.62, 34.0]",*
7.3092846363595205,"(4.945, 34.0]","(2.62, 34.0]",*
7.46087048247994,"(4.945, 34.0]","(2.62, 34.0]",*
7.494881765457513,"(4.945, 34.0]","(2.62, 34.0]",*
7.5860564183594,"(4.945, 34.0]","(2.62, 34.0]",*
7.614032064793285,"(4.945, 34.0]","(2.62, 34.0]",*
7.614046724839076,"(4.945, 34.0]","(2.62, 34.0]",*
7.643117870736494,"(4.945, 34.0]","(2.62, 34.0]",*
7.6697847381968405,"(4.945, 34.0]","(2.62, 34.0]",*
7.760686607311713,"(4.945, 34.0]","(2.62, 34.0]",*
7.79881311376774,"(4.945, 34.0]","(2.62, 34.0]",*
7.874171336480686,"(4.945, 34.0]","(2.62, 34.0]",*
7.897891046281225,"(4.945, 34.0]","(2.62, 34.0]",*
8.0,"(4.945, 34.0]","(2.62, 34.0]",*
8.006854855879904,"(4.945, 34.0]","(2.62, 34.0]",*
8.04636863452784,"(4.945, 34.0]","(2.62, 34.0]",*
8.143552335767184,"(4.945, 34.0]","(2.62, 34.0]",*
8.158553476881234,"(4.945, 34.0]","(2.62, 34.0]",*
8.201131402429393,"(4.945, 34.0]","(2.62, 34.0]",*
8.203963224403651,"(4.945, 34.0]","(2.62, 34.0]",*
8.235691289903643,"(4.945, 34.0]","(2.62, 34.0]",*
8.247895721807373,"(4.945, 34.0]","(2.62, 34.0]",*
8.253254271094237,"(4.945, 34.0]","(2.62, 34.0]",*
8.390835938648184,"(4.945, 34.0]","(2.62, 34.0]",*
8.430718264105098,"(4.945, 34.0]","(2.62, 34.0]",*
8.477737557085119,"(4.945, 34.0]","(2.62, 34.0]",*
8.52872346849039,"(4.945, 34.0]","(2.62, 34.0]",*
8.577745555438929,"(4.945, 34.0]","(2.62, 34.0]",*
8.659204495855438,"(4.945, 34.0]","(2.62, 34.0]",*
8.663823259286293,"(4.945, 34.0]","(2.62, 34.0]",*
8.713518902144815,"(4.945, 34.0]","(2.62, 34.0]",*
8.765306118801533,"(4.945, 34.0]","(2.62, 34.0]",*
8.813994527945836,"(4.945, 34.0]","(2.62, 34.0]",*
8.824756703304086,"(4.945, 34.0]","(2.62, 34.0]",*
8.891382428792891,"(4.945, 34.0]","(2.62, 34.0]",*
9.0,"(4.945, 34.0]","(2.62, 34.0]",*
9.009181272486035,"(4.945, 34.0]","(2.62, 34.0]",*
9.01462017445347,"(4.945, 34.0]","(2.62, 34.0]",*
9.026684066758623,"(4.945, 34.0]","(2.62, 34.0]",*
9.059104457890594,"(4.945, 34.0]","(2.62, 34.0]",*
9.204779174132442,"(4.945, 34.0]","(2.62, 34.0]",*
9.230435530133672,"(4.945, 34.0]","(2.62, 34.0]",*
9.340004270059302,"(4.945, 34.0]","(2.62, 34.0]",*
9.358649478453302,"(4.945, 34.0]","(2.62, 34.0]",*
9.379165742256927,"(4.945, 34.0]","(2.62, 34.0]",*
9.419708396761244,"(4.945, 34.0]","(2.62, 34.0]",*
9.434727653867231,"(4.945, 34.0]","(2.62, 34.0]",*
9.43720801173167,"(4.945, 34.0]","(2.62, 34.0]",*
9.737886590873828,"(4.945, 34.0]","(2.62, 34.0]",*
9.791497231016706,"(4.945, 34.0]","(2.62, 34.0]",*
9.897716016890847,"(4.945, 34.0]","(2.62, 34.0]",*
10.0,"(4.945, 34.0]","(2.62, 34.0]",*
10.080717110308717,"(4.945, 34.0]","(2.62, 34.0]",*
10.113654631755274,"(4.945, 34.0]","(2.62, 34.0]",*
10.117938183186673,"(4.945, 34.0]","(2.62, 34.0]",*
10.184320063207648,"(4.945, 34.0]","(2.62, 34.0]",*
10.199742737662982,"(4.945, 34.0]","(2.62, 34.0]",*
10.220887659057569,"(4.945, 34.0]","(2.62, 34.0]",*
10.31348672567989,"(4.945, 34.0]","(2.62, 34.0]",*
10.32032897408158,"(4.945, 34.0]","(2.62, 34.0]",*
10.476020482785863,"(4.945, 34.0]","(2.62, 34.0]",*
10.566216028852992,"(4.945, 34.0]","(2.62, 34.0]",*
10.617787098111767,"(4.945, 34.0]","(2.62, 34.0]",*
10.774048413690764,"(4.945, 34.0]","(2.62, 34.0]",*
10.82163649046597,"(4.945, 34.0]","(2.62, 34.0]",*
10.85956159435365,"(4.945, 34.0]","(2.62, 34.0]",*
10.907671463632994,"(4.945, 34.0]","(2.62, 34.0]",*
10.963476235552305,"(4.945, 34.0]","(2.62, 34.0]",*
11.0,"(4.945, 34.0]","(2.62, 34.0]",*
11.013632316855253,"(4.945, 34.0]","(2.62, 34.0]",*
11.150374549966909,"(4.945, 34.0]","(2.62, 34.0]",*
11.184652773444107,"(4.945, 34.0]","(2.62, 34.0]",*
11.367740632753799,"(4.945, 34.0]","(2.62, 34.0]",*
11.483392730079126,"(4.945, 34.0]","(2.62, 34.0]",*
11.524475602931933,"(4.945, 34.0]","(2.62, 34.0]",*
11.588780580400151,"(4.945, 34.0]","(2.62, 34.0]",*
11.596498878014016,"(4.945, 34.0]","(2.62, 34.0]",*
11.601331376805874,"(4.945, 34.0]","(2.62, 34.0]",*
11.634564420700796,"(4.945, 34.0]","(2.62, 34.0]",*
11.721770647513306,"(4.945, 34.0]","(2.62, 34.0]",*
11.756400635775538,"(4.945, 34.0]","(2.62, 34.0]",*
11.887948868383358,"(4.945, 34.0]","(2.62, 34.0]",*
12.0,"(4.945, 34.0]","(2.62, 34.0]",*
12.011099130218998,"(4.945, 34.0]","(2.62, 34.0]",*
12.03934727398415,"(4.945, 34.0]","(2.62, 34.0]",*
12.044185797215405,"(4.945, 34.0]","(2.62, 34.0]",*
12.10978438087516,"(4.945, 34.0]","(2.62, 34.0]",*
12.151046511167854,"(4.945, 34.0]","(2.62, 34.0]",*
12.446861123566398,"(4.945, 34.0]","(2.62, 34.0]",*
12.629615339525946,"(4.945, 34.0]","(2.62, 34.0]",*
12.656919687466862,"(4.945, 34.0]","(2.62, 34.0]",*
12.720123439833516,"(4.945, 34.0]","(2.62, 34.0]",*
12.760802091673057,"(4.945, 34.0]","(2.62, 34.0]",*
12.837050135889164,"(4.945, 34.0]","(2.62, 34.0]",*
12.88669084378542,"(4.945, 34.0]","(2.62, 34.0]",*
12.995734888929437,"(4.945, 34.0]","(2.62, 34.0]",*
13.0,"(4.945, 34.0]","(2.62, 34.0]",*
13.027758010633086,"(4.945, 34.0]","(2.62, 34.0]",*
13.114319499374204,"(4.945, 34.0]","(2.62, 34.0]",*
13.164644932284405,"(4.945, 34.0]","(2.62, 34.0]",*
13.224759514103228,"(4.945, 34.0]","(2.62, 34.0]",*
13.710886007479798,"(4.945, 34.0]","(2.62, 34.0]",*
13.76865887224227,"(4.945, 34.0]","(2.62, 34.0]",*
13.891138665148414,"(4.945, 34.0]","(2.62, 34.0]",*
14.0,"(4.945, 34.0]","(2.62, 34.0]",*
14.008940188309357,"(4.945, 34.0]","(2.62, 34.0]",*
14.013209968871907,"(4.945, 34.0]","(2.62, 34.0]",*
14.126139410944962,"(4.945, 34.0]","(2.62, 34.0]",*
14.12706206308949,"(4.945, 34.0]","(2.62, 34.0]",*
14.129562595141866,"(4.945, 34.0]","(2.62, 34.0]",*
14.147278853501396,"(4.945, 34.0]","(2.62, 34.0]",*
14.165585849759005,"(4.945, 34.0]","(2.62, 34.0]",*
14.16938519368203,"(4.945, 34.0]","(2.62, 34.0]",*
14.184930174911196,"(4.945, 34.0]","(2.62, 34.0]",*
14.19859227319762,"(4.945, 34.0]","(2.62, 34.0]",*
14.423552318122479,"(4.945, 34.0]","(2.62, 34.0]",*
14.424460490474338,"(4.945, 34.0]","(2.62, 34.0]",*
14.72217308309079,"(4.945, 34.0]","(2.62, 34.0]",*
14.74846202982774,"(4.945, 34.0]","(2.62, 34.0]",*
14.753555556127887,"(4.945, 34.0]","(2.62, 34.0]",*
14.801447133616508,"(4.945, 34.0]","(2.62, 34.0]",*
14.828588120624534,"(4.945, 34.0]","(2.62, 34.0]",*
14.846875986098471,"(4.945, 34.0]","(2.62, 34.0]",*
14.903189469508364,"(4.945, 34.0]","(2.62, 34.0]",*
14.908190016115782,"(4.945, 34.0]","(2.62, 34.0]",*
15.0,"(4.945, 34.0]","(2.62, 34.0]",*
16.0,"(4.945, 34.0]","(2.62, 34.0]",*
16.548469875808614,"(4.945, 34.0]","(2.62, 34.0]",*
16.99687818458689,"(4.945, 34.0]","(2.62, 34.0]",*
17.63185373707216,"(4.945, 34.0]","(2.62, 34.0]",*
17.887858329528402,"(4.945, 34.0]","(2.62, 34.0]",*
18.0,"(4.945, 34.0]","(2.62, 34.0]",*
18.014678841788133,"(4.945, 34.0]","(2.62, 34.0]",*
19.0,"(4.945, 34.0]","(2.62, 34.0]",*
19.219580482345545,"(4.945, 34.0]","(2.62, 34.0]",*
19.30819565230313,"(4.945, 34.0]","(2.62, 34.0]",*
19.8006421204009,"(4.945, 34.0]","(2.62, 34.0]",*
20.611020363103975,"(4.945, 34.0]","(2.62, 34.0]",*
20.80456425653642,"(4.945, 34.0]","(2.62, 34.0]",*
20.94865719814417,"(4.945, 34.0]","(2.62, 34.0]",*
21.0,"(4.945, 34.0]","(2.62, 34.0]",*
21.435420202800305,"(4.945, 34.0]","(2.62, 34.0]",*
22.0,"(4.945, 34.0]","(2.62, 34.0]",*
22.46115814550202,"(4.945, 34.0]","(2.62, 34.0]",*
22.682515159926883,"(4.945, 34.0]","(2.62, 34.0]",*
22.960885858038992,"(4.945, 34.0]","(2.62, 34.0]",*
23.7656055456892,"(4.945, 34.0]","(2.62, 34.0]",*
24.0,"(4.945, 34.0]","(2.62, 34.0]",*
24.360359216206334,"(4.945, 34.0]","(2.62, 34.0]",*
25.65751486500328,"(4.945, 34.0]","(2.62, 34.0]",*
26.04306156279879,"(4.945, 34.0]","(2.62, 34.0]",*
27.78159143283204,"(4.945, 34.0]","(2.62, 34.0]",*
29.113105943034313,"(4.945, 34.0]","(2.62, 34.0]",*
29.509684384264787,"(4.945, 34.0]","(2.62, 34.0]",*
31.39723618721831,"(4.945, 34.0]","(2.62, 34.0]",*
31.82552095188664,"(4.945, 34.0]","(2.62, 34.0]",*
33.80284444490231,"(4.945, 34.0]","(2.62, 34.0]",*
34.0,"(4.945, 34.0]","(2.62, 34.0]",*
